step,loss,ce_loss,accuracy,grad_norm
1,5.587563991546631,5.587563991546631,0.008321775123476982,6.30668830871582
2,5.3170166015625,5.3170166015625,0.07200929522514343,4.3650617599487305
3,5.167359828948975,5.167359828948975,0.08198757469654083,4.1764326095581055
4,5.086779594421387,5.086779594421387,0.12871287763118744,3.479309558868408
5,5.021266460418701,5.021266460418701,0.09852216392755508,3.0633883476257324
6,4.864345073699951,4.864345073699951,0.1674107164144516,2.9684951305389404
7,4.88046932220459,4.88046932220459,0.1272321492433548,2.2054402828216553
8,4.851222038269043,4.851222038269043,0.10884353518486023,2.3501057624816895
9,4.850700378417969,4.850700378417969,0.12311265617609024,1.941047191619873
10,4.8042168617248535,4.8042168617248535,0.12543554604053497,2.206235408782959
11,4.67094612121582,4.67094612121582,0.1259079873561859,2.3136179447174072
12,4.735023498535156,4.735023498535156,0.1294642835855484,2.4711790084838867
13,4.67594575881958,4.67594575881958,0.1439732164144516,1.8855295181274414
14,4.610564708709717,4.610564708709717,0.13928571343421936,2.292965888977051
15,4.7314887046813965,4.7314887046813965,0.13780024647712708,1.8478788137435913
16,4.700376987457275,4.700376987457275,0.12332112342119217,1.855568289756775
17,4.652721881866455,4.652721881866455,0.1473214328289032,1.7963389158248901
18,4.56376838684082,4.56376838684082,0.1640625,2.1421713829040527
19,4.508425712585449,4.508425712585449,0.1450892835855484,2.35980224609375
20,4.6395263671875,4.6395263671875,0.1417410671710968,1.5334433317184448
21,4.438548564910889,4.438548564910889,0.1655328869819641,1.80609929561615
22,4.651079177856445,4.651079177856445,0.13913042843341827,1.435820460319519
23,4.603596210479736,4.603596210479736,0.14778324961662292,1.834283471107483
24,4.6182861328125,4.6182861328125,0.14953270554542542,1.5497205257415771
25,4.539724826812744,4.539724826812744,0.1729910671710968,1.5133274793624878
26,4.536322116851807,4.536322116851807,0.1729910671710968,1.9713813066482544
27,4.440075397491455,4.440075397491455,0.17913831770420074,1.660285472869873
28,4.3969597816467285,4.3969597816467285,0.16198979318141937,1.7658945322036743
29,4.6243743896484375,4.6243743896484375,0.13423645496368408,1.437749981880188
30,4.479936122894287,4.479936122894287,0.1340206116437912,1.7732166051864624
31,4.397726535797119,4.397726535797119,0.1706700325012207,1.7509583234786987
32,4.60162353515625,4.60162353515625,0.1495535671710968,1.6758537292480469
33,4.462520122528076,4.462520122528076,0.1395089328289032,1.9493191242218018
34,4.396114826202393,4.396114826202393,0.14170506596565247,1.6277292966842651
35,4.384703636169434,4.384703636169434,0.1506696492433548,1.642608404159546
36,4.50264310836792,4.50264310836792,0.1729910671710968,1.605454921722412
37,4.423335552215576,4.423335552215576,0.182227224111557,1.5669623613357544
38,4.351288318634033,4.351288318634033,0.2265625,1.719145655632019
39,4.527516841888428,4.527516841888428,0.16914285719394684,1.2238291501998901
40,4.526965618133545,4.526965618133545,0.1796875,1.1371432542800903
41,4.47687292098999,4.47687292098999,0.2064732164144516,2.2156946659088135
42,4.395805835723877,4.395805835723877,0.20852534472942352,1.6050260066986084
43,4.29034948348999,4.29034948348999,0.2421875,1.4775241613388062
44,4.39805269241333,4.39805269241333,0.2098214328289032,1.708732008934021
45,4.283722877502441,4.283722877502441,0.2555803656578064,2.2160065174102783
46,4.260942459106445,4.260942459106445,0.23105590045452118,2.363663673400879
47,4.186036109924316,4.186036109924316,0.26755449175834656,2.077038049697876
48,3.925926685333252,3.925926685333252,0.31496062874794006,1.8475768566131592
49,4.216818809509277,4.216818809509277,0.2373271882534027,2.1816511154174805
50,4.0211663246154785,4.0211663246154785,0.31801241636276245,2.0438952445983887
51,4.082412242889404,4.082412242889404,0.2925170063972473,1.960451602935791
52,4.108223915100098,4.108223915100098,0.3102678656578064,1.675316572189331
53,4.346456527709961,4.346456527709961,0.26129427552223206,1.5673186779022217
54,3.755986452102661,3.755986452102661,0.3895089328289032,2.2582340240478516
55,4.056378364562988,4.056378364562988,0.3182346224784851,1.5218782424926758
56,4.134799480438232,4.134799480438232,0.3046875,1.7041206359863281
57,4.030001163482666,4.030001163482666,0.3303571343421936,1.6552256345748901
58,3.975682497024536,3.975682497024536,0.3214285671710968,1.5353288650512695
59,4.053587436676025,4.053587436676025,0.32789117097854614,1.9183508157730103
60,3.862644672393799,3.862644672393799,0.33075931668281555,2.252393960952759
61,3.874329090118408,3.874329090118408,0.3515625,1.4920324087142944
62,4.175436019897461,4.175436019897461,0.2912946343421936,1.648756504058838
63,3.989204168319702,3.989204168319702,0.3370535671710968,1.5260696411132812
64,3.956308603286743,3.956308603286743,0.3361344635486603,1.4482016563415527
65,3.9513189792633057,3.9513189792633057,0.33520808815956116,1.5369760990142822
66,3.9549777507781982,3.9549777507781982,0.3433583974838257,1.4856200218200684
67,3.959399700164795,3.959399700164795,0.3515625,1.9687167406082153
68,3.9040474891662598,3.9040474891662598,0.35593220591545105,2.013615369796753
69,3.933641195297241,3.933641195297241,0.3534482717514038,1.9555833339691162
70,3.89514422416687,3.89514422416687,0.3627232015132904,1.8492100238800049
71,3.9132471084594727,3.9132471084594727,0.373092919588089,1.6521556377410889
72,4.177581310272217,4.177581310272217,0.32603687047958374,1.7309659719467163
73,3.8132221698760986,3.8132221698760986,0.3504464328289032,2.045062780380249
74,3.849438190460205,3.849438190460205,0.3705357015132904,1.287880778312683
75,3.9477803707122803,3.9477803707122803,0.3527180850505829,1.522554636001587
76,3.778581380844116,3.778581380844116,0.390625,1.767324447631836
77,3.7850749492645264,3.7850749492645264,0.3805803656578064,1.4426325559616089
78,3.9371933937072754,3.9371933937072754,0.3668280839920044,1.6257383823394775
79,3.848405122756958,3.848405122756958,0.3616071343421936,2.556849241256714
80,3.4903082847595215,3.4903082847595215,0.4453125,2.2230708599090576
81,3.7491536140441895,3.7491536140441895,0.3892013430595398,1.7635095119476318
82,3.5450830459594727,3.5450830459594727,0.4354838728904724,1.6431009769439697
83,3.620231866836548,3.620231866836548,0.41636142134666443,1.690602421760559
84,3.866708993911743,3.866708993911743,0.37120360136032104,1.6383121013641357
85,3.9795544147491455,3.9795544147491455,0.350649356842041,1.4626843929290771
86,3.515402317047119,3.515402317047119,0.4411027431488037,1.720810055732727
87,3.7503821849823,3.7503821849823,0.3883928656578064,1.5377219915390015
88,3.7843852043151855,3.7843852043151855,0.3828125,1.2752290964126587
89,3.9258456230163574,3.9258456230163574,0.3484320640563965,1.6702055931091309
90,3.8861656188964844,3.8861656188964844,0.3694196343421936,1.257911205291748
91,3.695296049118042,3.695296049118042,0.4073660671710968,1.382500410079956
92,3.638511896133423,3.638511896133423,0.4185267984867096,1.2398278713226318
93,4.097214221954346,4.097214221954346,0.3366336524486542,1.520169734954834
94,3.633465528488159,3.633465528488159,0.41536614298820496,1.7140871286392212
95,3.643322467803955,3.643322467803955,0.40515223145484924,1.6553760766983032
96,3.6134400367736816,3.6134400367736816,0.4060150384902954,1.8672995567321777
97,3.798063039779663,3.798063039779663,0.37168142199516296,1.5969566106796265
98,3.5632762908935547,3.5632762908935547,0.41359448432922363,1.392627477645874
99,3.819976806640625,3.819976806640625,0.37072017788887024,1.6712042093276978
100,3.666128635406494,3.666128635406494,0.3939732015132904,1.591154932975769
101,3.4606587886810303,3.4606587886810303,0.453125,1.705557942390442
102,3.750483274459839,3.750483274459839,0.3958333432674408,1.7640551328659058
103,3.5326945781707764,3.5326945781707764,0.41922563314437866,2.2392683029174805
104,3.6705734729766846,3.6705734729766846,0.40852129459381104,1.83420991897583
105,3.4738049507141113,3.4738049507141113,0.4181184768676758,1.4121711254119873
106,3.7379844188690186,3.7379844188690186,0.38514286279678345,2.076742649078369
107,3.3919789791107178,3.3919789791107178,0.4525916576385498,1.492297887802124
108,3.6761057376861572,3.6761057376861572,0.3897243142127991,1.493146300315857
109,3.502284288406372,3.502284288406372,0.4248447120189667,1.9909117221832275
110,3.6949448585510254,3.6949448585510254,0.3959899842739105,2.0249242782592773
111,3.6468682289123535,3.6468682289123535,0.4095982015132904,1.3726341724395752
112,3.5760879516601562,3.5760879516601562,0.421875,1.3236722946166992
113,3.7512755393981934,3.7512755393981934,0.3649553656578064,1.8178035020828247
114,3.3451778888702393,3.3451778888702393,0.44847774505615234,1.8075411319732666
115,3.293353796005249,3.293353796005249,0.4734356701374054,1.5496313571929932
116,3.78800106048584,3.78800106048584,0.3627329170703888,1.567711353302002
117,3.4585514068603516,3.4585514068603516,0.4319196343421936,2.147812843322754
118,3.66281795501709,3.66281795501709,0.39849624037742615,1.822697639465332
119,3.7675018310546875,3.7675018310546875,0.3558897376060486,1.8670730590820312
120,3.7385430335998535,3.7385430335998535,0.375,1.366310954093933
121,3.690582275390625,3.690582275390625,0.3861607015132904,1.7956738471984863
122,3.5460002422332764,3.5460002422332764,0.4124223589897156,1.652893304824829
123,3.741983413696289,3.741983413696289,0.37662336230278015,1.3528412580490112
124,3.5444560050964355,3.5444560050964355,0.4118303656578064,1.9942399263381958
125,3.5761985778808594,3.5761985778808594,0.41309523582458496,1.5286235809326172
126,3.905640125274658,3.905640125274658,0.3504464328289032,1.2932630777359009
127,3.8711395263671875,3.8711395263671875,0.3537946343421936,1.6288529634475708
128,3.760918617248535,3.760918617248535,0.37142857909202576,1.4555834531784058
129,3.3458774089813232,3.3458774089813232,0.4542410671710968,1.694603443145752
130,3.7377398014068604,3.7377398014068604,0.39064475893974304,1.7020899057388306
131,3.416095733642578,3.416095733642578,0.44342857599258423,1.6265175342559814
132,3.6929705142974854,3.6929705142974854,0.38947367668151855,1.6002436876296997
133,3.4811363220214844,3.4811363220214844,0.4158163368701935,1.612095594406128
134,3.565526247024536,3.565526247024536,0.4084821343421936,1.442238211631775
135,3.5786235332489014,3.5786235332489014,0.4000000059604645,1.7250089645385742
136,3.343507766723633,3.343507766723633,0.44611528515815735,1.9334673881530762
137,3.7189154624938965,3.7189154624938965,0.3709273040294647,1.6360762119293213
138,3.3893513679504395,3.3893513679504395,0.4419642984867096,1.7601264715194702
139,3.3852503299713135,3.3852503299713135,0.4405762255191803,1.5168837308883667
140,3.636413097381592,3.636413097381592,0.3793911039829254,1.6266427040100098
141,3.6494853496551514,3.6494853496551514,0.371184378862381,1.5510218143463135
142,3.312755823135376,3.312755823135376,0.4576074481010437,1.4849973917007446
143,3.637830972671509,3.637830972671509,0.3738839328289032,1.2935993671417236
144,3.6675686836242676,3.6675686836242676,0.3794642984867096,1.3955329656600952
145,3.49619197845459,3.49619197845459,0.4182754158973694,1.466901421546936
146,3.131744861602783,3.131744861602783,0.4944196343421936,2.348158597946167
147,3.368633985519409,3.368633985519409,0.4430803656578064,1.5824124813079834
148,3.515251874923706,3.515251874923706,0.4183673560619354,2.1652636528015137
149,3.478642702102661,3.478642702102661,0.41208791732788086,1.6669715642929077
150,3.5139756202697754,3.5139756202697754,0.41496598720550537,1.64641535282135
151,3.5823590755462646,3.5823590755462646,0.3917410671710968,1.742384910583496
152,3.5239076614379883,3.5239076614379883,0.4164648950099945,1.776411771774292
153,3.651893138885498,3.651893138885498,0.3928571343421936,1.3758013248443604
154,3.7130956649780273,3.7130956649780273,0.3702857196331024,1.940359354019165
155,3.5792276859283447,3.5792276859283447,0.390625,1.5831280946731567
156,3.465204954147339,3.465204954147339,0.4151785671710968,1.543430209159851
157,3.4048919677734375,3.4048919677734375,0.4239256680011749,1.64226496219635
158,3.508394956588745,3.508394956588745,0.4117647111415863,1.5229721069335938
159,3.2466790676116943,3.2466790676116943,0.450460821390152,1.5722883939743042
160,3.6350929737091064,3.6350929737091064,0.38452380895614624,1.4822494983673096
161,3.419963836669922,3.419963836669922,0.4309927225112915,1.9243559837341309
162,3.4944515228271484,3.4944515228271484,0.4002462923526764,1.456668496131897
163,3.3411307334899902,3.3411307334899902,0.42624855041503906,1.456169843673706
164,3.2310566902160645,3.2310566902160645,0.45476189255714417,1.5087263584136963
165,3.355452060699463,3.355452060699463,0.4412136673927307,1.716788649559021
166,3.607573986053467,3.607573986053467,0.3822055160999298,1.557078242301941
167,3.025143623352051,3.025143623352051,0.49248120188713074,1.6942952871322632
168,3.2750744819641113,3.2750744819641113,0.4358353614807129,1.6947517395019531
169,3.485924005508423,3.485924005508423,0.4182027578353882,1.4089796543121338
170,3.5400843620300293,3.5400843620300293,0.4073660671710968,1.6694802045822144
171,3.4630210399627686,3.4630210399627686,0.40763548016548157,1.8940625190734863
172,3.301384449005127,3.301384449005127,0.4273183047771454,1.69631028175354
173,3.357210159301758,3.357210159301758,0.4285714328289032,1.6997098922729492
174,3.4203948974609375,3.4203948974609375,0.4185267984867096,1.7714438438415527
175,3.419940233230591,3.419940233230591,0.421875,1.4953532218933105
176,3.237717866897583,3.237717866897583,0.4553571343421936,1.8162562847137451
177,3.494176149368286,3.494176149368286,0.4070080816745758,1.8356051445007324
178,3.764249563217163,3.764249563217163,0.366158127784729,1.7890961170196533
179,3.531179189682007,3.531179189682007,0.4006696343421936,1.5022170543670654
180,3.59885311126709,3.59885311126709,0.38050734996795654,1.4164106845855713
181,3.243100166320801,3.243100166320801,0.45106860995292664,1.6357104778289795
182,3.5134518146514893,3.5134518146514893,0.3857142925262451,2.3112189769744873
183,3.4047434329986572,3.4047434329986572,0.42740046977996826,1.8022600412368774
184,3.427394390106201,3.427394390106201,0.4118303656578064,1.902498483657837
185,3.3879482746124268,3.3879482746124268,0.4252232015132904,1.4168837070465088
186,3.4510436058044434,3.4510436058044434,0.3997695744037628,1.5707064867019653
187,3.53204345703125,3.53204345703125,0.39711663126945496,1.407359004020691
188,3.44291090965271,3.44291090965271,0.3928571343421936,1.5545356273651123
189,3.2585017681121826,3.2585017681121826,0.465737521648407,1.5918985605239868
190,3.503865957260132,3.503865957260132,0.3962053656578064,1.523519515991211
191,3.3182926177978516,3.3182926177978516,0.4178571403026581,1.4438799619674683
192,3.349942684173584,3.349942684173584,0.4129464328289032,1.7703907489776611
193,3.534707546234131,3.534707546234131,0.3858267664909363,1.5890772342681885
194,3.479072332382202,3.479072332382202,0.3959899842739105,1.5314406156539917
195,3.2787227630615234,3.2787227630615234,0.4475446343421936,2.3287220001220703
196,3.3602960109710693,3.3602960109710693,0.4274553656578064,1.4675214290618896
197,3.399279832839966,3.399279832839966,0.41536614298820496,1.7538542747497559
198,3.1694369316101074,3.1694369316101074,0.4464285671710968,1.7196102142333984
199,3.342772960662842,3.342772960662842,0.4051339328289032,1.8625494241714478
200,3.6878836154937744,3.6878836154937744,0.3571428656578064,1.7708587646484375
201,3.361253023147583,3.361253023147583,0.4217686951160431,2.113870620727539
202,3.3785784244537354,3.3785784244537354,0.4121365249156952,1.68767511844635
203,2.8427987098693848,2.8427987098693848,0.5162065029144287,2.155613899230957
204,2.9330661296844482,2.9330661296844482,0.4854910671710968,1.6403496265411377
205,3.587564468383789,3.587564468383789,0.3733493387699127,1.6820533275604248
206,3.0121448040008545,3.0121448040008545,0.4910714328289032,1.90971839427948
207,3.2422573566436768,3.2422573566436768,0.4408482015132904,1.5770890712738037
208,3.169513702392578,3.169513702392578,0.44285714626312256,1.634894847869873
209,3.45455002784729,3.45455002784729,0.3917410671710968,1.6373400688171387
210,3.379887342453003,3.379887342453003,0.41871920228004456,1.7221510410308838
211,3.075761556625366,3.075761556625366,0.48083624243736267,1.7496613264083862
212,3.22440767288208,3.22440767288208,0.4308035671710968,2.243175983428955
213,2.9108290672302246,2.9108290672302246,0.4907834231853485,1.639245867729187
214,2.966230630874634,2.966230630874634,0.4732142984867096,1.5824302434921265
215,3.3736815452575684,3.3736815452575684,0.4137931168079376,1.5346407890319824
216,3.3651859760284424,3.3651859760284424,0.40281030535697937,1.6867719888687134
217,3.2966206073760986,3.2966206073760986,0.4185267984867096,1.485855221748352
218,3.4064652919769287,3.4064652919769287,0.4073660671710968,1.6113042831420898
219,3.202906847000122,3.202906847000122,0.4408482015132904,1.4549109935760498
220,3.3286702632904053,3.3286702632904053,0.4162946343421936,2.320791482925415
221,3.205439567565918,3.205439567565918,0.4486422538757324,1.9628783464431763
222,3.236741542816162,3.236741542816162,0.4453125,1.7384834289550781
223,3.296781301498413,3.296781301498413,0.4363839328289032,1.7936062812805176
224,3.745044231414795,3.745044231414795,0.3412042558193207,1.7452447414398193
225,3.3179972171783447,3.3179972171783447,0.4263392984867096,2.390333652496338
226,3.2858328819274902,3.2858328819274902,0.4089861810207367,1.9347013235092163
227,3.418365478515625,3.418365478515625,0.41041162610054016,1.829962134361267
228,3.342012405395508,3.342012405395508,0.4051339328289032,1.939492106437683
229,3.192359447479248,3.192359447479248,0.45927903056144714,2.080320119857788
230,3.1869583129882812,3.1869583129882812,0.4186335504055023,1.7034215927124023
231,2.9261388778686523,2.9261388778686523,0.46980854868888855,1.788875699043274
232,3.2355360984802246,3.2355360984802246,0.4363839328289032,1.6483949422836304
233,3.466182231903076,3.466182231903076,0.38842976093292236,1.6590945720672607
234,3.194317579269409,3.194317579269409,0.4587053656578064,1.7769619226455688
235,3.1114540100097656,3.1114540100097656,0.45199063420295715,1.8002204895019531
236,3.144033193588257,3.144033193588257,0.4397321343421936,1.4859505891799927
237,3.2048492431640625,3.2048492431640625,0.4296875,1.7988845109939575
238,3.431481122970581,3.431481122970581,0.402494341135025,1.7920604944229126
239,3.175792932510376,3.175792932510376,0.45385587215423584,2.085385799407959
240,3.062223434448242,3.062223434448242,0.45132744312286377,1.606095790863037
241,3.087780475616455,3.087780475616455,0.44950738549232483,1.742620587348938
242,2.9524714946746826,2.9524714946746826,0.4642857015132904,2.0244336128234863
243,3.4537243843078613,3.4537243843078613,0.3805803656578064,2.0999624729156494
244,3.3122060298919678,3.3122060298919678,0.4047619104385376,1.6892197132110596
245,3.3607070446014404,3.3607070446014404,0.3973214328289032,1.5026566982269287
246,3.104755401611328,3.104755401611328,0.4464285671710968,1.6166774034500122
247,3.1207783222198486,3.1207783222198486,0.4575892984867096,1.5717328786849976
248,3.3493402004241943,3.3493402004241943,0.4004499316215515,1.7293100357055664
249,3.2857143878936768,3.2857143878936768,0.4051339328289032,2.002840042114258
250,3.451932430267334,3.451932430267334,0.3872767984867096,1.8979606628417969
251,2.994310140609741,2.994310140609741,0.4674185514450073,1.6137551069259644
252,3.3195550441741943,3.3195550441741943,0.4059523940086365,1.6908683776855469
253,3.426616907119751,3.426616907119751,0.38857144117355347,2.189872980117798
254,3.19266939163208,3.19266939163208,0.4151785671710968,1.6851122379302979
255,3.4934399127960205,3.4934399127960205,0.3783482015132904,1.7060890197753906
256,2.99526047706604,2.99526047706604,0.4665178656578064,1.7473819255828857
257,3.2668282985687256,3.2668282985687256,0.4229910671710968,1.7413907051086426
258,3.2084012031555176,3.2084012031555176,0.42612943053245544,2.10845685005188
259,3.209381341934204,3.209381341934204,0.3883116841316223,1.7617391347885132
260,3.4442994594573975,3.4442994594573975,0.39438340067863464,1.8691695928573608
261,3.4169938564300537,3.4169938564300537,0.3911007046699524,1.5722551345825195
262,3.1248550415039062,3.1248550415039062,0.4546583890914917,1.7321346998214722
263,3.2214412689208984,3.2214412689208984,0.43697479367256165,2.2131950855255127
264,3.3244879245758057,3.3244879245758057,0.42048516869544983,2.0562992095947266
265,3.05400013923645,3.05400013923645,0.4419642984867096,1.8724664449691772
266,3.127375364303589,3.127375364303589,0.4397321343421936,1.5410056114196777
267,3.429208278656006,3.429208278656006,0.37935173511505127,1.965186357498169
268,3.484053373336792,3.484053373336792,0.38498789072036743,2.128089427947998
269,3.3790972232818604,3.3790972232818604,0.38639456033706665,2.054131269454956
270,3.342662811279297,3.342662811279297,0.3917410671710968,1.5169274806976318
271,3.141321897506714,3.141321897506714,0.4309723973274231,1.8742306232452393
272,3.0395190715789795,3.0395190715789795,0.4676339328289032,1.8070334196090698
273,3.24584698677063,3.24584698677063,0.4185267984867096,1.8267632722854614
274,3.2940831184387207,3.2940831184387207,0.4115646183490753,1.870391607284546
275,3.4019405841827393,3.4019405841827393,0.3794642984867096,1.631396770477295
276,3.0301671028137207,3.0301671028137207,0.4761904776096344,2.619147300720215
277,3.565221071243286,3.565221071243286,0.3709483742713928,2.038004159927368
278,3.1791369915008545,3.1791369915008545,0.421875,1.6662309169769287
279,3.1698429584503174,3.1698429584503174,0.41736695170402527,1.6482298374176025
280,2.8081321716308594,2.8081321716308594,0.49642857909202576,1.9000685214996338
281,3.131101131439209,3.131101131439209,0.42037472128868103,1.6019198894500732
282,2.946077823638916,2.946077823638916,0.47252747416496277,1.8507061004638672
283,3.0378596782684326,3.0378596782684326,0.4430803656578064,1.618727207183838
284,3.078082799911499,3.078082799911499,0.42312926054000854,1.986812949180603
285,3.2179439067840576,3.2179439067840576,0.4186704456806183,2.163520574569702
286,3.3129422664642334,3.3129422664642334,0.39830508828163147,2.010256767272949
287,3.0954301357269287,3.0954301357269287,0.4397321343421936,1.8502702713012695
288,3.205869436264038,3.205869436264038,0.4129464328289032,2.232555866241455
289,3.3191866874694824,3.3191866874694824,0.3858363926410675,1.6346074342727661
290,3.2426092624664307,3.2426092624664307,0.4118303656578064,1.6218621730804443
291,3.2435150146484375,3.2435150146484375,0.3956916034221649,1.6934396028518677
292,3.0956902503967285,3.0956902503967285,0.4452380836009979,1.9016022682189941
293,2.95019268989563,2.95019268989563,0.4475446343421936,2.06807279586792
294,3.173792600631714,3.173792600631714,0.3984375,1.7085673809051514
295,3.5869085788726807,3.5869085788726807,0.35775336623191833,2.3070430755615234
296,3.301260471343994,3.301260471343994,0.3928571343421936,1.8830240964889526
297,3.058805227279663,3.058805227279663,0.4441964328289032,1.9194374084472656
298,3.1468505859375,3.1468505859375,0.4319196343421936,1.7137863636016846
299,3.1547958850860596,3.1547958850860596,0.42016807198524475,1.6977627277374268
300,2.9668326377868652,2.9668326377868652,0.4509316682815552,1.9835872650146484
301,3.283421277999878,3.283421277999878,0.4007263779640198,1.7363229990005493
302,3.4380738735198975,3.4380738735198975,0.3772321343421936,1.7687768936157227
303,3.145502805709839,3.145502805709839,0.4252232015132904,1.5933091640472412
304,3.0337464809417725,3.0337464809417725,0.4352678656578064,1.8118326663970947
305,3.0035200119018555,3.0035200119018555,0.4445812702178955,1.8472106456756592
306,2.795389413833618,2.795389413833618,0.5011337995529175,1.7588441371917725
307,3.0021238327026367,3.0021238327026367,0.44581282138824463,2.0017640590667725
308,3.138538122177124,3.138538122177124,0.4051339328289032,1.5030072927474976
309,2.8589420318603516,2.8589420318603516,0.4708571434020996,1.5947166681289673
310,3.431246280670166,3.431246280670166,0.3660714328289032,2.041975736618042
311,3.0336785316467285,3.0336785316467285,0.43114542961120605,1.7231652736663818
312,3.0788917541503906,3.0788917541503906,0.41709184646606445,2.130267381668091
313,3.273076295852661,3.273076295852661,0.407665491104126,2.312520742416382
314,3.0055079460144043,3.0055079460144043,0.4520089328289032,1.7348694801330566
315,2.863713264465332,2.863713264465332,0.44700461626052856,1.6885110139846802
316,3.2712795734405518,3.2712795734405518,0.38211381435394287,1.7246198654174805
317,3.0739948749542236,3.0739948749542236,0.43868520855903625,2.5604665279388428
318,3.16304612159729,3.16304612159729,0.4185267984867096,1.7576628923416138
319,2.9507017135620117,2.9507017135620117,0.4519704580307007,2.2239766120910645
320,3.1007919311523438,3.1007919311523438,0.4263392984867096,1.6790626049041748
321,3.041846752166748,3.041846752166748,0.4207589328289032,1.6192892789840698
322,3.008606433868408,3.008606433868408,0.4408482015132904,1.7444761991500854
323,2.86297607421875,2.86297607421875,0.4676339328289032,2.0388834476470947
324,2.9951395988464355,2.9951395988464355,0.4520089328289032,1.735892653465271
325,2.8842122554779053,2.8842122554779053,0.48076921701431274,2.1497976779937744
326,2.8449277877807617,2.8449277877807617,0.4601770043373108,1.6888165473937988
327,3.1793439388275146,3.1793439388275146,0.3937007784843445,1.767042636871338
328,2.8891568183898926,2.8891568183898926,0.46721312403678894,1.6998887062072754
329,2.9374372959136963,2.9374372959136963,0.43869516253471375,1.6573172807693481
330,2.7794620990753174,2.7794620990753174,0.4799107015132904,1.6895354986190796
331,3.3089845180511475,3.3089845180511475,0.3761160671710968,2.0541329383850098
332,2.829349994659424,2.829349994659424,0.46328437328338623,1.7013176679611206
333,2.8000800609588623,2.8000800609588623,0.4419642984867096,1.537055492401123
334,2.7501604557037354,2.7501604557037354,0.4923258423805237,2.072723627090454
335,2.885505199432373,2.885505199432373,0.4555984437465668,1.8482017517089844
336,3.1845502853393555,3.1845502853393555,0.4089861810207367,1.7287291288375854
337,3.3481924533843994,3.3481924533843994,0.3738839328289032,2.1134376525878906
338,2.668095588684082,2.668095588684082,0.49468713998794556,1.5278279781341553
339,3.190291404724121,3.190291404724121,0.41087231040000916,1.9230902194976807
340,3.0802149772644043,3.0802149772644043,0.4207589328289032,1.814253330230713
341,3.1837778091430664,3.1837778091430664,0.40270936489105225,2.0656843185424805
342,3.238100290298462,3.238100290298462,0.3895089328289032,2.235118865966797
343,3.0014991760253906,3.0014991760253906,0.4182027578353882,1.8631315231323242
344,2.6639606952667236,2.6639606952667236,0.4988839328289032,2.728785753250122
345,3.0205140113830566,3.0205140113830566,0.4107142984867096,1.7592111825942993
346,2.9378974437713623,2.9378974437713623,0.4252232015132904,1.518524408340454
347,2.9032132625579834,2.9032132625579834,0.4408482015132904,1.671439528465271
348,3.101290464401245,3.101290464401245,0.40685713291168213,1.957370638847351
349,3.0762808322906494,3.0762808322906494,0.43565526604652405,2.074042797088623
350,3.089500904083252,3.089500904083252,0.40408164262771606,2.0998666286468506
351,2.8559763431549072,2.8559763431549072,0.44720497727394104,1.631674885749817
352,3.07452392578125,3.07452392578125,0.4129464328289032,1.8394562005996704
353,3.1717967987060547,3.1717967987060547,0.3928571343421936,2.2569844722747803
354,3.082155466079712,3.082155466079712,0.3984375,1.8460010290145874
355,2.982455253601074,2.982455253601074,0.42612943053245544,1.8652138710021973
356,3.1600685119628906,3.1600685119628906,0.38260868191719055,1.7458913326263428
357,3.010167360305786,3.010167360305786,0.4056122303009033,1.8573209047317505
358,2.680424928665161,2.680424928665161,0.5011160969734192,1.9386969804763794
359,3.0519042015075684,3.0519042015075684,0.3945578336715698,1.9525443315505981
360,3.0971858501434326,3.0971858501434326,0.3995535671710968,1.7004592418670654
361,3.1115798950195312,3.1115798950195312,0.4029017984867096,1.8130611181259155
362,2.653210163116455,2.653210163116455,0.4873015880584717,1.9219177961349487
363,2.8236606121063232,2.8236606121063232,0.4585253596305847,2.086526393890381
364,3.150219440460205,3.150219440460205,0.3872767984867096,1.7014352083206177
365,2.768998146057129,2.768998146057129,0.47204968333244324,2.0909526348114014
366,2.907054901123047,2.907054901123047,0.4601770043373108,2.0292959213256836
367,2.8674001693725586,2.8674001693725586,0.440377801656723,1.5002601146697998
368,3.1083154678344727,3.1083154678344727,0.3956044018268585,2.3431780338287354
369,2.906348943710327,2.906348943710327,0.443793922662735,1.7487860918045044
370,2.8871445655822754,2.8871445655822754,0.4430803656578064,1.983841061592102
371,3.001570463180542,3.001570463180542,0.4140625,2.266188144683838
372,2.8215506076812744,2.8215506076812744,0.4564732015132904,1.7702313661575317
373,2.6063032150268555,2.6063032150268555,0.48906049132347107,1.806799054145813
374,2.8741934299468994,2.8741934299468994,0.4497767984867096,1.8130748271942139
375,2.8328845500946045,2.8328845500946045,0.4497767984867096,2.044342041015625
376,3.1305346488952637,3.1305346488952637,0.3872767984867096,1.657335877418518
377,2.917536973953247,2.917536973953247,0.4508928656578064,1.9799922704696655
378,2.7766432762145996,2.7766432762145996,0.45644599199295044,2.0289618968963623
379,2.9338884353637695,2.9338884353637695,0.43129250407218933,2.099151134490967
380,2.7396273612976074,2.7396273612976074,0.4620535671710968,2.000230550765991
381,3.27701473236084,3.27701473236084,0.33766233921051025,2.3361504077911377
382,3.1035799980163574,3.1035799980163574,0.3850446343421936,1.6753617525100708
383,2.7596962451934814,2.7596962451934814,0.4497767984867096,1.7910844087600708
384,2.882230520248413,2.882230520248413,0.4419642984867096,1.9530822038650513
385,2.9137797355651855,2.9137797355651855,0.4145408272743225,1.758337140083313
386,2.840946674346924,2.840946674346924,0.4366576671600342,1.929799199104309
387,3.0082509517669678,3.0082509517669678,0.4285714328289032,2.458099126815796
388,2.9775583744049072,2.9775583744049072,0.3984375,1.8671404123306274
389,3.156351089477539,3.156351089477539,0.3660714328289032,1.724876046180725
390,2.7482988834381104,2.7482988834381104,0.4419642984867096,1.890673279762268
391,2.509371519088745,2.509371519088745,0.4966517984867096,1.743693470954895
392,2.8546032905578613,2.8546032905578613,0.4344262182712555,1.9118156433105469
393,2.9471867084503174,2.9471867084503174,0.4229910671710968,1.8913657665252686
394,2.6153602600097656,2.6153602600097656,0.4787946343421936,1.7034748792648315
395,2.928027391433716,2.928027391433716,0.4285714328289032,1.7569537162780762
396,3.0098085403442383,3.0098085403442383,0.39905548095703125,1.9284274578094482
397,2.9272878170013428,2.9272878170013428,0.4065934121608734,1.7872307300567627
398,2.7973103523254395,2.7973103523254395,0.4118303656578064,1.8752210140228271
399,2.660064458847046,2.660064458847046,0.4871794879436493,1.5952900648117065
400,3.0905821323394775,3.0905821323394775,0.39024388790130615,2.065129280090332
401,3.029524087905884,3.029524087905884,0.4182027578353882,2.3929903507232666
402,2.725766181945801,2.725766181945801,0.47215497493743896,1.790745496749878
403,2.7372262477874756,2.7372262477874756,0.44700461626052856,2.01812744140625
404,2.7239837646484375,2.7239837646484375,0.4553571343421936,2.239201545715332
405,3.041137218475342,3.041137218475342,0.3850446343421936,1.6917920112609863
406,3.060220718383789,3.060220718383789,0.39039409160614014,1.7852052450180054
407,2.8283703327178955,2.8283703327178955,0.43663594126701355,1.825944423675537
408,3.0576462745666504,3.0576462745666504,0.3872767984867096,1.634097933769226
409,2.7109615802764893,2.7109615802764893,0.44342857599258423,1.5642964839935303
410,2.9204375743865967,2.9204375743865967,0.4230235815048218,2.224017381668091
411,2.951242208480835,2.951242208480835,0.39408865571022034,1.7130368947982788
412,2.6739354133605957,2.6739354133605957,0.4659864008426666,1.606276512145996
413,2.783726930618286,2.783726930618286,0.4207589328289032,1.789013147354126
414,2.6342551708221436,2.6342551708221436,0.4753476679325104,1.7363712787628174
415,2.9735167026519775,2.9735167026519775,0.3935064971446991,1.945473551750183
416,2.8679893016815186,2.8679893016815186,0.4398200213909149,1.7239477634429932
417,2.8519723415374756,2.8519723415374756,0.4261704683303833,1.923767328262329
418,2.54533314704895,2.54533314704895,0.4941451847553253,1.8682317733764648
419,2.87957763671875,2.87957763671875,0.4194285571575165,1.8486894369125366
420,2.9402518272399902,2.9402518272399902,0.42351454496383667,1.8243640661239624
421,2.4898879528045654,2.4898879528045654,0.5133928656578064,1.8027607202529907
422,2.7156763076782227,2.7156763076782227,0.4585714340209961,2.305664539337158
423,3.119969606399536,3.119969606399536,0.38548752665519714,2.216600179672241
424,2.7676548957824707,2.7676548957824707,0.4376623332500458,1.6671911478042603
425,2.755376100540161,2.755376100540161,0.4397321343421936,1.6603857278823853
426,2.533417224884033,2.533417224884033,0.4901960790157318,1.6106659173965454
427,2.7567942142486572,2.7567942142486572,0.4598214328289032,1.9728012084960938
428,2.91544771194458,2.91544771194458,0.4196428656578064,1.9396647214889526
429,2.9350807666778564,2.9350807666778564,0.4117647111415863,1.8102787733078003
430,3.00549054145813,3.00549054145813,0.38452380895614624,1.7193490266799927
431,2.9309396743774414,2.9309396743774414,0.4146341383457184,1.7486865520477295
432,3.0351486206054688,3.0351486206054688,0.3783482015132904,2.101789712905884
433,2.9330496788024902,2.9330496788024902,0.3984375,2.0640792846679688
434,2.795504093170166,2.795504093170166,0.4386160671710968,1.7644140720367432
435,2.833524703979492,2.833524703979492,0.4207589328289032,1.7452611923217773
436,2.7412374019622803,2.7412374019622803,0.4569067358970642,2.0536611080169678
437,3.03629732131958,3.03629732131958,0.3839285671710968,1.6388294696807861
438,2.6809654235839844,2.6809654235839844,0.442176878452301,1.684461236000061
439,2.4605400562286377,2.4605400562286377,0.514800488948822,1.846883773803711
440,2.60176420211792,2.60176420211792,0.4654017984867096,1.6487276554107666
441,2.8934788703918457,2.8934788703918457,0.43101343512535095,2.1756772994995117
442,2.8134329319000244,2.8134329319000244,0.4397321343421936,1.8010613918304443
443,2.9429750442504883,2.9429750442504883,0.4083438813686371,1.9895306825637817
444,2.6697278022766113,2.6697278022766113,0.4642857015132904,1.6942960023880005
445,2.538465738296509,2.538465738296509,0.4954128563404083,1.9051517248153687
446,3.0447185039520264,3.0447185039520264,0.3958837687969208,1.9791628122329712
447,2.8975579738616943,2.8975579738616943,0.4006696343421936,1.6511765718460083
448,2.8115041255950928,2.8115041255950928,0.42978209257125854,1.9287234544754028
449,2.786720037460327,2.786720037460327,0.42740046977996826,1.5583479404449463
450,2.8221492767333984,2.8221492767333984,0.4114774167537689,1.8575714826583862
451,2.634894847869873,2.634894847869873,0.47029078006744385,2.222242593765259
452,3.1007182598114014,3.1007182598114014,0.3730158805847168,1.853772759437561
453,2.650951862335205,2.650951862335205,0.4453125,1.4866061210632324
454,2.9157426357269287,2.9157426357269287,0.40852129459381104,2.0202677249908447
455,2.671701192855835,2.671701192855835,0.4464285671710968,1.8547884225845337
456,2.6332688331604004,2.6332688331604004,0.4542410671710968,1.668778419494629
457,2.8305675983428955,2.8305675983428955,0.4140625,1.6420893669128418
458,2.9313278198242188,2.9313278198242188,0.4140625,1.7623202800750732
459,2.6789844036102295,2.6789844036102295,0.4453125,1.5378097295761108
460,2.70794677734375,2.70794677734375,0.43214285373687744,1.6985621452331543
461,2.6161246299743652,2.6161246299743652,0.4609375,1.5898126363754272
462,2.6629793643951416,2.6629793643951416,0.4436090290546417,1.7041230201721191
463,2.8485214710235596,2.8485214710235596,0.41776710748672485,1.5039223432540894
464,2.4183387756347656,2.4183387756347656,0.5100446343421936,1.6704362630844116
465,2.5482451915740967,2.5482451915740967,0.4782082438468933,1.554353952407837
466,2.766422748565674,2.766422748565674,0.42980295419692993,1.66959547996521
467,2.6164517402648926,2.6164517402648926,0.4497767984867096,1.8395496606826782
468,2.704054594039917,2.704054594039917,0.42517006397247314,1.5126184225082397
469,2.822922945022583,2.822922945022583,0.421875,1.8340649604797363
470,2.817929267883301,2.817929267883301,0.4181184768676758,1.7560479640960693
471,2.8762147426605225,2.8762147426605225,0.4207589328289032,1.6373580694198608
472,2.459104061126709,2.459104061126709,0.4761904776096344,1.5301177501678467
473,2.7605457305908203,2.7605457305908203,0.3980582654476166,1.6356524229049683
474,2.7324063777923584,2.7324063777923584,0.4129464328289032,1.531574010848999
475,2.6881566047668457,2.6881566047668457,0.4430803656578064,1.5576226711273193
476,2.695720672607422,2.695720672607422,0.4352678656578064,1.6536288261413574
477,2.5076544284820557,2.5076544284820557,0.4536340832710266,1.6246579885482788
478,2.4509899616241455,2.4509899616241455,0.5047619342803955,1.6819777488708496
479,2.550534725189209,2.550534725189209,0.4807453453540802,1.8649202585220337
480,2.6538658142089844,2.6538658142089844,0.4352678656578064,1.4922325611114502
481,2.7094013690948486,2.7094013690948486,0.4404761791229248,1.6859097480773926
482,2.68046498298645,2.68046498298645,0.42983564734458923,1.8179049491882324
483,2.5726397037506104,2.5726397037506104,0.46305418014526367,1.4639784097671509
484,2.8032405376434326,2.8032405376434326,0.40869563817977905,1.6685304641723633
485,2.7109577655792236,2.7109577655792236,0.44155845046043396,1.7843701839447021
486,2.4915430545806885,2.4915430545806885,0.4888392984867096,1.7072513103485107
487,2.7254695892333984,2.7254695892333984,0.4273291826248169,1.6759437322616577
488,2.6793603897094727,2.6793603897094727,0.43911007046699524,1.7436586618423462
489,2.464099884033203,2.464099884033203,0.46565935015678406,1.4843850135803223
490,2.678436279296875,2.678436279296875,0.4520089328289032,1.5123800039291382
491,2.345349073410034,2.345349073410034,0.4977678656578064,1.447770118713379
492,2.6831791400909424,2.6831791400909424,0.44545453786849976,1.8422664403915405
493,2.734477996826172,2.734477996826172,0.426086962223053,1.6034178733825684
494,2.7300631999969482,2.7300631999969482,0.4151785671710968,1.9636740684509277
495,2.6649060249328613,2.6649060249328613,0.4334554374217987,1.5827804803848267
496,2.803036689758301,2.803036689758301,0.4154762029647827,1.5874302387237549
497,2.4120357036590576,2.4120357036590576,0.4977678656578064,1.6754438877105713
498,2.770211696624756,2.770211696624756,0.4263392984867096,2.011014223098755
499,2.635106086730957,2.635106086730957,0.4503631889820099,1.8594233989715576
500,2.7127749919891357,2.7127749919891357,0.4263038635253906,1.7639907598495483
501,2.630927562713623,2.630927562713623,0.4676339328289032,1.9416530132293701
502,2.8990299701690674,2.8990299701690674,0.3860182464122772,1.877729058265686
503,2.8064465522766113,2.8064465522766113,0.4084821343421936,1.7372771501541138
504,2.735663652420044,2.735663652420044,0.40515223145484924,1.8179939985275269
505,2.6438639163970947,2.6438639163970947,0.4587053656578064,1.7542340755462646
506,2.750084638595581,2.750084638595581,0.4166666567325592,1.7691746950149536
507,2.5420684814453125,2.5420684814453125,0.4709821343421936,1.5351717472076416
508,2.552398443222046,2.552398443222046,0.4611528813838959,1.7220096588134766
509,2.730809450149536,2.730809450149536,0.41228070855140686,1.72353196144104
510,2.706991195678711,2.706991195678711,0.4215456545352936,1.5811070203781128
511,2.6330132484436035,2.6330132484436035,0.4497767984867096,1.685226559638977
512,2.775639057159424,2.775639057159424,0.4029017984867096,1.4949768781661987
513,2.743112564086914,2.743112564086914,0.41636142134666443,1.8119897842407227
514,2.9121429920196533,2.9121429920196533,0.3794642984867096,1.7194905281066895
515,2.6819674968719482,2.6819674968719482,0.4331307113170624,1.8811174631118774
516,2.411212682723999,2.411212682723999,0.4942396283149719,1.7914245128631592
517,2.6583709716796875,2.6583709716796875,0.4396551847457886,1.6640162467956543
518,2.355398178100586,2.355398178100586,0.5012315511703491,1.8359184265136719
519,2.672910213470459,2.672910213470459,0.4251428544521332,1.6175577640533447
520,2.765423059463501,2.765423059463501,0.4006696343421936,1.8418960571289062
521,2.603348731994629,2.603348731994629,0.4571428596973419,1.6855164766311646
522,3.1020166873931885,3.1020166873931885,0.3543417453765869,2.4175026416778564
523,2.6689212322235107,2.6689212322235107,0.4285714328289032,1.6632174253463745
524,2.586015224456787,2.586015224456787,0.45132744312286377,1.7543749809265137
525,2.4260571002960205,2.4260571002960205,0.47699758410453796,1.447299599647522
526,2.5130295753479004,2.5130295753479004,0.453125,1.4515985250473022
527,2.4595515727996826,2.4595515727996826,0.4698660671710968,1.5107595920562744
528,2.4802660942077637,2.4802660942077637,0.4809960722923279,1.6752123832702637
529,2.604546070098877,2.604546070098877,0.4564732015132904,1.4576983451843262
530,2.683229446411133,2.683229446411133,0.4193548262119293,1.6675390005111694
531,2.695669651031494,2.695669651031494,0.43489253520965576,1.6837430000305176
532,2.680542230606079,2.680542230606079,0.4063231945037842,1.7340900897979736
533,2.273732900619507,2.273732900619507,0.5145089030265808,1.6212499141693115
534,2.460684299468994,2.460684299468994,0.47959184646606445,1.4581971168518066
535,2.7027549743652344,2.7027549743652344,0.4325767755508423,1.9825180768966675
536,2.6159121990203857,2.6159121990203857,0.4397321343421936,1.4661608934402466
537,2.79630446434021,2.79630446434021,0.4107142984867096,1.701997995376587
538,2.455911874771118,2.455911874771118,0.4854910671710968,1.695675253868103
539,2.6058712005615234,2.6058712005615234,0.43489253520965576,1.6075658798217773
540,2.4630563259124756,2.4630563259124756,0.4810267984867096,1.4940437078475952
541,2.595094680786133,2.595094680786133,0.4363839328289032,1.489480972290039
542,2.523397207260132,2.523397207260132,0.4456654489040375,1.6479802131652832
543,2.5092711448669434,2.5092711448669434,0.4525916576385498,1.7549049854278564
544,2.653402090072632,2.653402090072632,0.43233081698417664,1.791603684425354
545,2.5497074127197266,2.5497074127197266,0.44611528515815735,1.7700119018554688
546,2.673525094985962,2.673525094985962,0.4252232015132904,1.5774565935134888
547,2.753990650177002,2.753990650177002,0.39944520592689514,1.8870693445205688
548,2.348130941390991,2.348130941390991,0.5030012130737305,1.5687510967254639
549,2.456429958343506,2.456429958343506,0.4676339328289032,1.5733860731124878
550,2.471806049346924,2.471806049346924,0.4732142984867096,1.8590764999389648
551,2.1900532245635986,2.1900532245635986,0.5133928656578064,1.582097053527832
552,2.73022198677063,2.73022198677063,0.40621116757392883,1.7700674533843994
553,2.594882011413574,2.594882011413574,0.44627055525779724,1.8196450471878052
554,2.811586618423462,2.811586618423462,0.4096080958843231,2.1619749069213867
555,2.5068559646606445,2.5068559646606445,0.44700461626052856,1.4756397008895874
556,2.457908868789673,2.457908868789673,0.4649122953414917,1.665253758430481
557,2.6144602298736572,2.6144602298736572,0.4375804364681244,2.022209882736206
558,2.4783496856689453,2.4783496856689453,0.4399494230747223,1.5601246356964111
559,2.6695847511291504,2.6695847511291504,0.4330357015132904,1.5109546184539795
560,2.5890252590179443,2.5890252590179443,0.4330357015132904,1.483049750328064
561,2.570035219192505,2.570035219192505,0.43325525522232056,1.5507705211639404
562,2.517664670944214,2.517664670944214,0.46875,1.6675257682800293
563,2.255305528640747,2.255305528640747,0.5145180225372314,1.4784836769104004
564,2.4193129539489746,2.4193129539489746,0.4812646508216858,1.6408835649490356
565,2.6734671592712402,2.6734671592712402,0.4057142734527588,1.7199610471725464
566,2.5561347007751465,2.5561347007751465,0.43868520855903625,1.6122746467590332
567,2.521634101867676,2.521634101867676,0.4556650221347809,1.7389235496520996
568,2.4675657749176025,2.4675657749176025,0.4709821343421936,1.5520429611206055
569,2.590721845626831,2.590721845626831,0.4408482015132904,1.5959144830703735
570,2.4032247066497803,2.4032247066497803,0.47329193353652954,1.8772597312927246
571,2.556398630142212,2.556398630142212,0.460317462682724,1.7256269454956055
572,2.55255126953125,2.55255126953125,0.4486607015132904,1.3503868579864502
573,2.5162434577941895,2.5162434577941895,0.45578232407569885,1.7771823406219482
574,2.4269068241119385,2.4269068241119385,0.4676339328289032,1.323171615600586
575,2.5359139442443848,2.5359139442443848,0.4519704580307007,1.8107012510299683
576,2.3098511695861816,2.3098511695861816,0.4963054060935974,1.464181661605835
577,2.3480451107025146,2.3480451107025146,0.4944196343421936,1.5030802488327026
578,2.4606029987335205,2.4606029987335205,0.43946731090545654,1.5114387273788452
579,2.510878086090088,2.510878086090088,0.4464285671710968,1.412009596824646
580,2.548292398452759,2.548292398452759,0.4496487081050873,1.5489592552185059
581,2.394587278366089,2.394587278366089,0.4571428596973419,1.3634997606277466
582,2.5226616859436035,2.5226616859436035,0.42037472128868103,1.458753228187561
583,2.5800914764404297,2.5800914764404297,0.4363839328289032,1.5048048496246338
584,2.627837657928467,2.627837657928467,0.4229910671710968,1.5917261838912964
585,2.468458890914917,2.468458890914917,0.44897958636283875,1.4877865314483643
586,2.2614200115203857,2.2614200115203857,0.5100446343421936,1.5003011226654053
587,2.430757522583008,2.430757522583008,0.4631696343421936,1.5575007200241089
588,2.3963615894317627,2.3963615894317627,0.4854910671710968,1.5659111738204956
589,2.2604587078094482,2.2604587078094482,0.4899553656578064,1.2952417135238647
590,2.3198413848876953,2.3198413848876953,0.47826087474823,1.4450416564941406
591,2.1707358360290527,2.1707358360290527,0.5100446343421936,1.3546820878982544
592,2.6191842555999756,2.6191842555999756,0.4296875,1.4696941375732422
593,2.2605316638946533,2.2605316638946533,0.5,1.5124191045761108
594,2.3194596767425537,2.3194596767425537,0.48819875717163086,1.5140496492385864
595,2.569455146789551,2.569455146789551,0.4413265287876129,1.6807777881622314
596,2.249643325805664,2.249643325805664,0.501714289188385,1.358973741531372
597,2.818822145462036,2.818822145462036,0.3822055160999298,1.802369236946106
598,2.3499341011047363,2.3499341011047363,0.49761903285980225,1.416582465171814
599,2.731513261795044,2.731513261795044,0.40993788838386536,1.8558014631271362
600,2.4051599502563477,2.4051599502563477,0.45578232407569885,1.4830386638641357
601,2.4974582195281982,2.4974582195281982,0.4475446343421936,1.4324480295181274
602,2.4476828575134277,2.4476828575134277,0.4532966911792755,1.7333037853240967
603,2.7982537746429443,2.7982537746429443,0.39055299758911133,1.6194223165512085
604,2.5442986488342285,2.5442986488342285,0.4352678656578064,1.7409576177597046
605,2.565645456314087,2.565645456314087,0.443793922662735,1.6084568500518799
606,2.6863863468170166,2.6863863468170166,0.42105263471603394,1.5254783630371094
607,2.569063425064087,2.569063425064087,0.4487989842891693,1.6833449602127075
608,2.40583872795105,2.40583872795105,0.4791666567325592,1.7984060049057007
609,2.552398920059204,2.552398920059204,0.45595237612724304,1.5441266298294067
610,2.4249918460845947,2.4249918460845947,0.4564732015132904,1.3462721109390259
611,2.64176344871521,2.64176344871521,0.40993788838386536,1.645190954208374
612,2.6493349075317383,2.6493349075317383,0.41285714507102966,1.658418893814087
613,2.5591976642608643,2.5591976642608643,0.4319196343421936,1.4689030647277832
614,2.4237732887268066,2.4237732887268066,0.4430803656578064,1.4304388761520386
615,2.6147000789642334,2.6147000789642334,0.4375,1.6526169776916504
616,2.2082858085632324,2.2082858085632324,0.5180023312568665,1.5590100288391113
617,2.4852468967437744,2.4852468967437744,0.4408482015132904,1.4525045156478882
618,2.5692873001098633,2.5692873001098633,0.4379391074180603,1.6019392013549805
619,2.526923656463623,2.526923656463623,0.4441964328289032,1.4104617834091187
620,2.2988290786743164,2.2988290786743164,0.4761904776096344,1.399549961090088
621,2.568498134613037,2.568498134613037,0.4320000112056732,1.6454002857208252
622,2.4772703647613525,2.4772703647613525,0.44486215710639954,1.5473008155822754
623,2.393540620803833,2.393540620803833,0.46135830879211426,1.5416287183761597
624,1.9968812465667725,1.9968812465667725,0.5546875,1.3493565320968628
625,2.2893803119659424,2.2893803119659424,0.4921875,1.3989193439483643
626,2.4111855030059814,2.4111855030059814,0.4475446343421936,1.4923111200332642
627,2.5699729919433594,2.5699729919433594,0.4296875,1.5521727800369263
628,2.824413537979126,2.824413537979126,0.3671875,1.5929995775222778
629,2.5789501667022705,2.5789501667022705,0.42626726627349854,1.6020495891571045
630,2.3664653301239014,2.3664653301239014,0.4732142984867096,1.462436318397522
631,2.398827075958252,2.398827075958252,0.45764854550361633,1.348921537399292
632,2.456958770751953,2.456958770751953,0.4464285671710968,1.5503240823745728
633,2.7656731605529785,2.7656731605529785,0.3796653747558594,1.56488037109375
634,2.3475568294525146,2.3475568294525146,0.4808673560619354,1.5245071649551392
635,2.3103928565979004,2.3103928565979004,0.47876447439193726,1.5481761693954468
636,2.5090959072113037,2.5090959072113037,0.4342857003211975,1.3447779417037964
637,2.3636057376861572,2.3636057376861572,0.47029078006744385,1.434045672416687
638,2.9697067737579346,2.9697067737579346,0.3928571343421936,5.662621021270752
639,2.3504490852355957,2.3504490852355957,0.48143982887268066,1.5960558652877808
640,2.6461591720581055,2.6461591720581055,0.41845765709877014,1.7128452062606812
641,2.6322898864746094,2.6322898864746094,0.4229910671710968,1.5839036703109741
642,2.6289398670196533,2.6289398670196533,0.4121779799461365,1.7551214694976807
643,2.3227148056030273,2.3227148056030273,0.488290399312973,1.5066107511520386
644,2.305180311203003,2.305180311203003,0.4821428656578064,1.321215033531189
645,2.6174190044403076,2.6174190044403076,0.4209860861301422,1.6510215997695923
646,2.2442564964294434,2.2442564964294434,0.4916344881057739,1.409814715385437
647,2.7756898403167725,2.7756898403167725,0.37788018584251404,1.6070630550384521
648,2.525505542755127,2.525505542755127,0.4229910671710968,1.3889104127883911
649,2.7219371795654297,2.7219371795654297,0.4194805324077606,1.6907819509506226
650,2.5604074001312256,2.5604074001312256,0.4408482015132904,1.4578335285186768
651,2.4943816661834717,2.4943816661834717,0.4563843309879303,1.788338303565979
652,2.3648521900177,2.3648521900177,0.4720982015132904,1.3800054788589478
653,2.3782060146331787,2.3782060146331787,0.4575892984867096,1.5241878032684326
654,2.513885974884033,2.513885974884033,0.44947734475135803,1.6413534879684448
655,2.0186586380004883,2.0186586380004883,0.5418719053268433,1.489029049873352
656,2.0344157218933105,2.0344157218933105,0.5404762029647827,1.6219931840896606
657,2.1966195106506348,2.1966195106506348,0.5106081962585449,1.6402812004089355
658,2.6873464584350586,2.6873464584350586,0.39751553535461426,1.7208713293075562
659,2.645092248916626,2.645092248916626,0.40763548016548157,1.6961997747421265
660,2.3220534324645996,2.3220534324645996,0.48243558406829834,1.4897106885910034
661,2.2130730152130127,2.2130730152130127,0.4977678656578064,1.2928422689437866
662,2.3659422397613525,2.3659422397613525,0.4575892984867096,1.41802978515625
663,2.513284921646118,2.513284921646118,0.4437420964241028,1.7263233661651611
664,2.29500675201416,2.29500675201416,0.49878934025764465,1.4886797666549683
665,2.374603033065796,2.374603033065796,0.46875,1.4671682119369507
666,2.23697566986084,2.23697566986084,0.4966517984867096,1.555652379989624
667,2.3631155490875244,2.3631155490875244,0.4575892984867096,1.6457780599594116
668,2.295377016067505,2.295377016067505,0.4810267984867096,1.4038952589035034
669,2.593135356903076,2.593135356903076,0.4118303656578064,1.6191990375518799
670,2.2338743209838867,2.2338743209838867,0.5040650367736816,1.5757826566696167
671,2.2671611309051514,2.2671611309051514,0.4979591965675354,1.6259688138961792
672,2.503523349761963,2.503523349761963,0.43801653385162354,1.5478585958480835
673,2.174227237701416,2.174227237701416,0.5011160969734192,1.6717172861099243
674,2.588461399078369,2.588461399078369,0.4040178656578064,1.5531820058822632
675,2.307163715362549,2.307163715362549,0.4676339328289032,1.463821530342102
676,2.497623920440674,2.497623920440674,0.4464285671710968,1.7388317584991455
677,2.2718148231506348,2.2718148231506348,0.4877232015132904,1.5304632186889648
678,2.4975504875183105,2.4975504875183105,0.4375,1.5469330549240112
679,2.269477605819702,2.269477605819702,0.4802955687046051,1.527036190032959
680,2.642354726791382,2.642354726791382,0.4209860861301422,1.6475944519042969
681,2.542733669281006,2.542733669281006,0.4096080958843231,1.8166866302490234
682,2.2429311275482178,2.2429311275482178,0.48546144366264343,1.509337306022644
683,2.6002328395843506,2.6002328395843506,0.4151785671710968,1.748555302619934
684,2.5127310752868652,2.5127310752868652,0.4341517984867096,1.5577199459075928
685,2.37410569190979,2.37410569190979,0.45378151535987854,1.398976445198059
686,2.6115574836730957,2.6115574836730957,0.4040178656578064,1.5195629596710205
687,2.5195043087005615,2.5195043087005615,0.42493945360183716,1.6001720428466797
688,2.5504164695739746,2.5504164695739746,0.41507312655448914,1.689523696899414
689,2.4906022548675537,2.4906022548675537,0.4162946343421936,1.36045503616333
690,2.3291168212890625,2.3291168212890625,0.4620535671710968,1.5762405395507812
691,2.4969820976257324,2.4969820976257324,0.4308035671710968,1.7056598663330078
692,2.409407138824463,2.409407138824463,0.4609375,1.4336079359054565
693,2.4203615188598633,2.4203615188598633,0.47783252596855164,1.6791528463363647
694,2.6715147495269775,2.6715147495269775,0.3917410671710968,1.5801749229431152
695,2.133930206298828,2.133930206298828,0.5066964030265808,1.4223788976669312
696,2.3481082916259766,2.3481082916259766,0.4783163368701935,1.5296143293380737
697,2.517909288406372,2.517909288406372,0.4285714328289032,1.7783244848251343
698,2.202892780303955,2.202892780303955,0.5084364414215088,1.5029743909835815
699,2.2237164974212646,2.2237164974212646,0.49593496322631836,1.513615369796753
700,2.2254819869995117,2.2254819869995117,0.4907834231853485,1.6469563245773315
701,2.2701869010925293,2.2701869010925293,0.4921875,1.3643205165863037
702,2.4925196170806885,2.4925196170806885,0.42721089720726013,1.645383596420288
703,2.3381235599517822,2.3381235599517822,0.46681663393974304,1.5812654495239258
704,2.3558037281036377,2.3558037281036377,0.4475446343421936,1.4672602415084839
705,2.2422640323638916,2.2422640323638916,0.4821428656578064,1.5081760883331299
706,2.4265408515930176,2.4265408515930176,0.44285714626312256,1.543166160583496
707,2.4695842266082764,2.4695842266082764,0.43457382917404175,1.7849141359329224
708,2.374363899230957,2.374363899230957,0.4669868052005768,1.7526438236236572
709,2.495826005935669,2.495826005935669,0.4234693944454193,1.569973111152649
710,2.559764862060547,2.559764862060547,0.4051339328289032,1.5343302488327026
711,2.2114808559417725,2.2114808559417725,0.4933035671710968,1.4924449920654297
712,2.6964900493621826,2.6964900493621826,0.3956044018268585,1.805246353149414
713,2.385127544403076,2.385127544403076,0.4575892984867096,1.6488088369369507
714,2.220492362976074,2.220492362976074,0.4944196343421936,1.3516143560409546
715,2.2931437492370605,2.2931437492370605,0.48571428656578064,1.5878379344940186
716,2.352228879928589,2.352228879928589,0.45764854550361633,1.5032222270965576
717,2.636744976043701,2.636744976043701,0.3895089328289032,1.5874990224838257
718,2.4516899585723877,2.4516899585723877,0.4430803656578064,1.654628872871399
719,2.529539108276367,2.529539108276367,0.4308571517467499,1.6789788007736206
720,2.2183055877685547,2.2183055877685547,0.4732142984867096,1.3984688520431519
721,2.505706548690796,2.505706548690796,0.421875,1.5922855138778687
722,2.4217238426208496,2.4217238426208496,0.4449648857116699,1.6349574327468872
723,2.066049575805664,2.066049575805664,0.5089285969734192,1.3151293992996216
724,2.621863842010498,2.621863842010498,0.4006696343421936,1.5616669654846191
725,2.3533241748809814,2.3533241748809814,0.44581282138824463,1.513170838356018
726,2.427492141723633,2.427492141723633,0.44656917452812195,1.5370333194732666
727,2.5067944526672363,2.5067944526672363,0.43771427869796753,1.586665153503418
728,2.2315022945404053,2.2315022945404053,0.49624061584472656,1.5934656858444214
729,2.223144769668579,2.223144769668579,0.4893918037414551,1.597800374031067
730,2.505037546157837,2.505037546157837,0.42002442479133606,1.5959579944610596
731,2.0945639610290527,2.0945639610290527,0.5123152732849121,1.5582951307296753
732,2.3472836017608643,2.3472836017608643,0.4542410671710968,1.480507493019104
733,2.7116177082061768,2.7116177082061768,0.3597402572631836,1.806822657585144
734,2.330393075942993,2.330393075942993,0.4892857074737549,1.963489294052124
735,2.354600429534912,2.354600429534912,0.4471544623374939,1.466414451599121
736,2.4170968532562256,2.4170968532562256,0.44576719403266907,1.6886025667190552
737,2.2489190101623535,2.2489190101623535,0.46886447072029114,1.4886701107025146
738,2.1776328086853027,2.1776328086853027,0.49460917711257935,1.596197247505188
739,2.491497755050659,2.491497755050659,0.4188034236431122,1.616315484046936
740,2.2213938236236572,2.2213938236236572,0.4600484371185303,1.487017273902893
741,2.2908058166503906,2.2908058166503906,0.4832589328289032,1.419920563697815
742,2.362898826599121,2.362898826599121,0.45299145579338074,1.7030720710754395
743,2.3676319122314453,2.3676319122314453,0.45764854550361633,1.6333789825439453
744,2.4092540740966797,2.4092540740966797,0.44430992007255554,1.6001228094100952
745,1.9768835306167603,1.9768835306167603,0.5290178656578064,1.3089677095413208
746,2.292215585708618,2.292215585708618,0.4732142984867096,1.6840100288391113
747,2.4373371601104736,2.4373371601104736,0.4341517984867096,1.5456395149230957
748,2.2944750785827637,2.2944750785827637,0.4620535671710968,1.5156303644180298
749,2.508361577987671,2.508361577987671,0.4308035671710968,1.5799375772476196
750,2.5809686183929443,2.5809686183929443,0.4140625,1.5732131004333496
751,2.4706504344940186,2.4706504344940186,0.42624855041503906,1.411450982093811
752,2.6387155055999756,2.6387155055999756,0.38721805810928345,1.7770723104476929
753,2.214818000793457,2.214818000793457,0.4915635585784912,1.4361722469329834
754,2.3338491916656494,2.3338491916656494,0.4441964328289032,1.4344075918197632
755,2.371312379837036,2.371312379837036,0.4654017984867096,1.634881854057312
756,2.4566826820373535,2.4566826820373535,0.4313725531101227,1.8703370094299316
757,2.1294028759002686,2.1294028759002686,0.5151855945587158,1.493124008178711
758,2.379390001296997,2.379390001296997,0.4365079402923584,1.490568995475769
759,2.163769245147705,2.163769245147705,0.4910714328289032,1.5506596565246582
760,2.0556483268737793,2.0556483268737793,0.49878934025764465,1.4206730127334595
761,2.166630268096924,2.166630268096924,0.4787946343421936,1.520977258682251
762,2.6095352172851562,2.6095352172851562,0.4093637466430664,1.6214876174926758
763,2.387805938720703,2.387805938720703,0.4353741407394409,1.53567373752594
764,2.288870334625244,2.288870334625244,0.45784541964530945,1.6578702926635742
765,2.295041799545288,2.295041799545288,0.4709821343421936,1.5400521755218506
766,2.3565773963928223,2.3565773963928223,0.45006319880485535,1.6807940006256104
767,2.0900166034698486,2.0900166034698486,0.5051020383834839,1.4556584358215332
768,1.957098126411438,1.957098126411438,0.534828782081604,1.3945761919021606
769,2.0949079990386963,2.0949079990386963,0.5100446343421936,1.5363256931304932
770,2.131540536880493,2.131540536880493,0.5,1.3703874349594116
771,2.367643356323242,2.367643356323242,0.4609375,1.5139641761779785
772,2.246361255645752,2.246361255645752,0.4832589328289032,1.5631452798843384
773,2.409268379211426,2.409268379211426,0.4350649416446686,1.7778092622756958
774,2.10327410697937,2.10327410697937,0.5079365372657776,1.5289369821548462
775,2.6945102214813232,2.6945102214813232,0.375,1.755521297454834
776,2.694040536880493,2.694040536880493,0.39170506596565247,2.0360238552093506
777,2.2708005905151367,2.2708005905151367,0.4769585132598877,1.4248454570770264
778,2.074873924255371,2.074873924255371,0.5212053656578064,1.4193689823150635
779,2.4059886932373047,2.4059886932373047,0.43223443627357483,1.6389955282211304
780,2.285235643386841,2.285235643386841,0.46371883153915405,1.7225146293640137
781,2.4610047340393066,2.4610047340393066,0.43083900213241577,1.5755938291549683
782,2.313265085220337,2.313265085220337,0.4620535671710968,1.5315027236938477
783,2.1437339782714844,2.1437339782714844,0.5122767686843872,1.337113857269287
784,2.328796148300171,2.328796148300171,0.47408345341682434,1.6368540525436401
785,2.2431037425994873,2.2431037425994873,0.48245614767074585,1.5396761894226074
786,2.390639305114746,2.390639305114746,0.4457142949104309,1.722205638885498
787,2.3888018131256104,2.3888018131256104,0.4390243887901306,1.748800277709961
788,2.3831045627593994,2.3831045627593994,0.4419642984867096,1.6613517999649048
789,2.3112566471099854,2.3112566471099854,0.4645858407020569,1.7268500328063965
790,2.218580722808838,2.218580722808838,0.4956521689891815,1.7940346002578735
791,2.2776007652282715,2.2776007652282715,0.4408482015132904,1.571519136428833
792,2.3762056827545166,2.3762056827545166,0.4453781545162201,1.6723814010620117
793,2.2726821899414062,2.2726821899414062,0.44947734475135803,1.5402874946594238
794,2.1002821922302246,2.1002821922302246,0.516310453414917,1.468692660331726
795,2.439676284790039,2.439676284790039,0.4363636374473572,1.8143750429153442
796,2.1591649055480957,2.1591649055480957,0.4933035671710968,1.4498684406280518
797,2.415379762649536,2.415379762649536,0.4352678656578064,1.6219128370285034
798,2.0032215118408203,2.0032215118408203,0.5174069404602051,1.6566728353500366
799,2.3894450664520264,2.3894450664520264,0.4352678656578064,1.4956079721450806
800,2.3793818950653076,2.3793818950653076,0.4385964870452881,1.5229369401931763
801,2.2750704288482666,2.2750704288482666,0.4598214328289032,1.6000570058822632
802,2.35872745513916,2.35872745513916,0.4573732614517212,1.6396890878677368
803,2.42187237739563,2.42187237739563,0.4297328591346741,1.752155065536499
804,2.1033122539520264,2.1033122539520264,0.514041543006897,1.7174277305603027
805,2.47562575340271,2.47562575340271,0.43690475821495056,1.4725390672683716
806,2.343019962310791,2.343019962310791,0.45767197012901306,1.6767545938491821
807,2.4807636737823486,2.4807636737823486,0.4118303656578064,1.6920112371444702
808,2.387477397918701,2.387477397918701,0.4486607015132904,1.5369250774383545
809,2.301678419113159,2.301678419113159,0.466042160987854,1.6897579431533813
810,2.1555418968200684,2.1555418968200684,0.484375,1.3863482475280762
811,2.277559280395508,2.277559280395508,0.4672897160053253,1.5975594520568848
812,2.2514593601226807,2.2514593601226807,0.47457626461982727,1.572201132774353
813,2.250924825668335,2.250924825668335,0.48120301961898804,1.6982494592666626
814,2.039958953857422,2.039958953857422,0.5211640000343323,1.8724151849746704
815,2.5012636184692383,2.5012636184692383,0.4025973975658417,1.566352367401123
816,2.4157633781433105,2.4157633781433105,0.44459280371665955,1.8318244218826294
817,2.417283773422241,2.417283773422241,0.4453125,1.6581777334213257
818,2.147672653198242,2.147672653198242,0.501298725605011,1.585574984550476
819,2.357424259185791,2.357424259185791,0.45550352334976196,1.6936272382736206
820,2.2991225719451904,2.2991225719451904,0.4475446343421936,1.6107782125473022
821,2.2706665992736816,2.2706665992736816,0.4441964328289032,1.5670270919799805
822,2.3176283836364746,2.3176283836364746,0.467980295419693,1.6898618936538696
823,2.108304262161255,2.108304262161255,0.4988839328289032,1.5328785181045532
824,2.519848108291626,2.519848108291626,0.4022556245326996,1.930924892425537
825,2.2786498069763184,2.2786498069763184,0.46190476417541504,1.7087864875793457
826,2.1185102462768555,2.1185102462768555,0.5,1.5657052993774414
827,2.133507013320923,2.133507013320923,0.489631325006485,1.6351219415664673
828,2.3084418773651123,2.3084418773651123,0.47792208194732666,1.9833238124847412
829,2.2221503257751465,2.2221503257751465,0.4832589328289032,1.622489333152771
830,2.234684705734253,2.234684705734253,0.45858344435691833,1.6042404174804688
831,2.286729097366333,2.286729097366333,0.4873271882534027,1.7398061752319336
832,2.174351692199707,2.174351692199707,0.499367892742157,1.560286283493042
833,2.2550086975097656,2.2550086975097656,0.4642857015132904,1.523574948310852
834,2.4107515811920166,2.4107515811920166,0.4209860861301422,1.6037110090255737
835,2.196619749069214,2.196619749069214,0.4754464328289032,1.4947171211242676
836,2.217949628829956,2.217949628829956,0.4642857015132904,1.55038583278656
837,2.366827964782715,2.366827964782715,0.46764346957206726,1.761847734451294
838,2.332463026046753,2.332463026046753,0.4368358850479126,1.5415093898773193
839,2.382009983062744,2.382009983062744,0.4385964870452881,1.647326946258545
840,2.363734722137451,2.363734722137451,0.4553571343421936,1.8134585618972778
841,2.2120988368988037,2.2120988368988037,0.4854910671710968,1.4669933319091797
842,2.213249683380127,2.213249683380127,0.4799107015132904,1.8317259550094604
843,2.3192226886749268,2.3192226886749268,0.4486607015132904,1.5517297983169556
844,2.025613784790039,2.025613784790039,0.5334821343421936,1.424339771270752
845,2.5012099742889404,2.5012099742889404,0.4136646091938019,1.714637041091919
846,2.0341086387634277,2.0341086387634277,0.506157636642456,1.514285922050476
847,2.0055084228515625,2.0055084228515625,0.5279017686843872,1.5273774862289429
848,2.289543867111206,2.289543867111206,0.46543779969215393,1.8805153369903564
849,2.258636236190796,2.258636236190796,0.4631696343421936,1.550216555595398
850,2.3829264640808105,2.3829264640808105,0.4430803656578064,1.6932517290115356
851,2.3990845680236816,2.3990845680236816,0.421875,1.5230118036270142
852,2.091578722000122,2.091578722000122,0.5100446343421936,1.4335734844207764
853,1.9971120357513428,1.9971120357513428,0.5323660969734192,1.4602478742599487
854,2.260502576828003,2.260502576828003,0.4601770043373108,1.5527466535568237
855,2.690228223800659,2.690228223800659,0.36582109332084656,2.007917642593384
856,2.343534469604492,2.343534469604492,0.45098039507865906,1.7574269771575928
857,2.2173311710357666,2.2173311710357666,0.4757869243621826,1.76231849193573
858,2.2333462238311768,2.2333462238311768,0.48962149024009705,1.7017663717269897
859,2.307147264480591,2.307147264480591,0.44914284348487854,1.5511332750320435
860,2.014103889465332,2.014103889465332,0.5396825671195984,1.7274314165115356
861,2.1151793003082275,2.1151793003082275,0.5033482313156128,1.4537529945373535
862,2.347909688949585,2.347909688949585,0.4397321343421936,1.717488169670105
863,2.388681173324585,2.388681173324585,0.43478259444236755,1.5892938375473022
864,2.2637691497802734,2.2637691497802734,0.47857141494750977,1.873612403869629
865,2.24784255027771,2.24784255027771,0.4665178656578064,1.6456775665283203
866,2.163390874862671,2.163390874862671,0.5,1.4666544198989868
867,2.1978394985198975,2.1978394985198975,0.4717887043952942,1.5627611875534058
868,2.2106120586395264,2.2106120586395264,0.4754464328289032,1.5260558128356934
869,2.2666354179382324,2.2666354179382324,0.4497767984867096,1.5115163326263428
870,2.483125925064087,2.483125925064087,0.4285714328289032,1.7835979461669922
871,2.1416757106781006,2.1416757106781006,0.484375,1.5693155527114868
872,2.2672581672668457,2.2672581672668457,0.4590163826942444,1.6171945333480835
873,2.439333915710449,2.439333915710449,0.4195011258125305,1.5580765008926392
874,2.084537982940674,2.084537982940674,0.5168408751487732,1.5966984033584595
875,2.177751064300537,2.177751064300537,0.4956521689891815,1.739815592765808
876,2.073213815689087,2.073213815689087,0.5245535969734192,1.5584250688552856
877,2.083958148956299,2.083958148956299,0.521142840385437,1.587241291999817
878,2.243767499923706,2.243767499923706,0.4754464328289032,1.6407129764556885
879,2.1078555583953857,2.1078555583953857,0.4975786805152893,1.5633792877197266
880,2.22458815574646,2.22458815574646,0.4698660671710968,1.5321221351623535
881,2.3037571907043457,2.3037571907043457,0.4720982015132904,1.690840721130371
882,2.145292282104492,2.145292282104492,0.4854910671710968,1.4171843528747559
883,2.3648712635040283,2.3648712635040283,0.4229910671710968,1.6052335500717163
884,2.0964648723602295,2.0964648723602295,0.4928571283817291,1.5930103063583374
885,2.358147382736206,2.358147382736206,0.4493284523487091,1.7507520914077759
886,2.222517967224121,2.222517967224121,0.4624697268009186,1.6025888919830322
887,2.013944387435913,2.013944387435913,0.5275590419769287,1.8640882968902588
888,2.3380930423736572,2.3380930423736572,0.44206973910331726,1.6084645986557007
889,2.3341026306152344,2.3341026306152344,0.45006319880485535,1.842806339263916
890,2.304633617401123,2.304633617401123,0.4423559010028839,1.7998936176300049
891,2.2404911518096924,2.2404911518096924,0.4720982015132904,1.6058032512664795
892,2.02777099609375,2.02777099609375,0.5148515105247498,1.5924665927886963
893,2.072897434234619,2.072897434234619,0.4933035671710968,1.4113770723342896
894,2.0766029357910156,2.0766029357910156,0.5129251480102539,1.788784146308899
895,2.1311864852905273,2.1311864852905273,0.4793388545513153,1.7000943422317505
896,2.3258960247039795,2.3258960247039795,0.44880953431129456,1.655088186264038
897,2.4479916095733643,2.4479916095733643,0.4162946343421936,1.7434825897216797
898,2.1635942459106445,2.1635942459106445,0.5011160969734192,1.5927518606185913
899,2.213900566101074,2.213900566101074,0.45180022716522217,1.5783759355545044
900,2.0819573402404785,2.0819573402404785,0.484049916267395,1.7106010913848877
901,2.306389570236206,2.306389570236206,0.4503631889820099,1.7323094606399536
902,2.2727010250091553,2.2727010250091553,0.4631696343421936,1.971696376800537
903,2.364166021347046,2.364166021347046,0.433373361825943,1.7400323152542114
904,2.4151010513305664,2.4151010513305664,0.426086962223053,1.8546960353851318
905,2.100769519805908,2.100769519805908,0.4933035671710968,1.6041607856750488
906,2.269343376159668,2.269343376159668,0.44688645005226135,1.6271275281906128
907,2.2937772274017334,2.2937772274017334,0.454332560300827,1.6158654689788818
908,2.1708285808563232,2.1708285808563232,0.47906404733657837,1.7213447093963623
909,2.3371760845184326,2.3371760845184326,0.4397321343421936,1.8470476865768433
910,2.2561941146850586,2.2561941146850586,0.4532019793987274,1.6155034303665161
911,2.210569143295288,2.210569143295288,0.460829496383667,1.632782220840454
912,2.3866000175476074,2.3866000175476074,0.43689319491386414,1.7583566904067993
913,2.2704708576202393,2.2704708576202393,0.4453125,1.6786351203918457
914,2.1291563510894775,2.1291563510894775,0.4665178656578064,1.403241753578186
915,2.3946478366851807,2.3946478366851807,0.45157384872436523,1.8345427513122559
916,2.387758255004883,2.387758255004883,0.4427284300327301,2.0420122146606445
917,2.015781879425049,2.015781879425049,0.5006002187728882,1.6342992782592773
918,2.1644418239593506,2.1644418239593506,0.4773809611797333,1.7042155265808105
919,2.0735554695129395,2.0735554695129395,0.4910714328289032,1.4445372819900513
920,2.211747169494629,2.211747169494629,0.47580644488334656,1.5514417886734009
921,2.2192649841308594,2.2192649841308594,0.4623376727104187,1.755167841911316
922,2.0933966636657715,2.0933966636657715,0.5062656402587891,1.7424991130828857
923,2.187074661254883,2.187074661254883,0.4897959232330322,1.7116847038269043
924,2.211007595062256,2.211007595062256,0.48548200726509094,1.6024359464645386
925,2.1891865730285645,2.1891865730285645,0.46973365545272827,1.5984660387039185
926,2.366556167602539,2.366556167602539,0.4354838728904724,1.6592495441436768
927,2.067654848098755,2.067654848098755,0.525383710861206,1.639419674873352
928,2.2915759086608887,2.2915759086608887,0.4520089328289032,1.5216983556747437
929,2.325090169906616,2.325090169906616,0.46578630805015564,1.7097705602645874
930,2.031735897064209,2.031735897064209,0.5017709732055664,1.7079979181289673
931,1.948879361152649,1.948879361152649,0.5445665717124939,1.354857087135315
932,2.2135090827941895,2.2135090827941895,0.4821428656578064,1.6736866235733032
933,2.2753615379333496,2.2753615379333496,0.4352678656578064,1.6036279201507568
934,2.2537424564361572,2.2537424564361572,0.46543779969215393,1.8128447532653809
935,2.1524853706359863,2.1524853706359863,0.4616292715072632,1.704513430595398
936,2.197878837585449,2.197878837585449,0.49718785285949707,1.7679916620254517
937,2.3198306560516357,2.3198306560516357,0.4514285624027252,1.6260918378829956
938,2.21075701713562,2.21075701713562,0.4877232015132904,1.708211898803711
939,2.250181198120117,2.250181198120117,0.4419642984867096,1.802634835243225
940,2.0514960289001465,2.0514960289001465,0.5319396257400513,1.782071828842163
941,2.043123960494995,2.043123960494995,0.5,1.591418981552124
942,2.1377251148223877,2.1377251148223877,0.4840613901615143,1.8980846405029297
943,2.2098019123077393,2.2098019123077393,0.4754464328289032,1.7011775970458984
944,2.283435344696045,2.283435344696045,0.4285714328289032,1.4734375476837158
945,2.1009316444396973,2.1009316444396973,0.48866212368011475,1.5086948871612549
946,2.265054225921631,2.265054225921631,0.45280611515045166,1.6581289768218994
947,2.3346505165100098,2.3346505165100098,0.4343318045139313,1.584447979927063
948,2.1952996253967285,2.1952996253967285,0.46867167949676514,1.789385199546814
949,2.216632604598999,2.216632604598999,0.4575892984867096,1.7213587760925293
950,2.202807664871216,2.202807664871216,0.4966517984867096,1.7120743989944458
951,2.1109659671783447,2.1109659671783447,0.48571428656578064,1.7339396476745605
952,2.1921818256378174,2.1921818256378174,0.484375,1.6398189067840576
953,2.220517873764038,2.220517873764038,0.44947734475135803,1.6336106061935425
954,2.3630504608154297,2.3630504608154297,0.43112245202064514,1.6876243352890015
955,2.1926515102386475,2.1926515102386475,0.4799107015132904,1.6433404684066772
956,2.1000235080718994,2.1000235080718994,0.5147392153739929,1.6518127918243408
957,2.4645092487335205,2.4645092487335205,0.4149068295955658,2.021782398223877
958,2.400578022003174,2.400578022003174,0.4252232015132904,1.7184182405471802
959,2.352504253387451,2.352504253387451,0.4376417100429535,1.7842661142349243
960,1.8937517404556274,1.8937517404556274,0.5390625,1.5172948837280273
961,2.204709053039551,2.204709053039551,0.45989975333213806,1.755174994468689
962,2.2802236080169678,2.2802236080169678,0.4787946343421936,2.0563976764678955
963,2.2379605770111084,2.2379605770111084,0.4720982015132904,1.8659007549285889
964,2.1600558757781982,2.1600558757781982,0.484375,1.5768053531646729
965,2.254281520843506,2.254281520843506,0.46371883153915405,1.788820505142212
966,2.198652982711792,2.198652982711792,0.4776785671710968,1.6190694570541382
967,2.1332778930664062,2.1332778930664062,0.4921875,1.5999341011047363
968,2.318087100982666,2.318087100982666,0.4472789168357849,2.0154430866241455
969,2.1672005653381348,2.1672005653381348,0.4709821343421936,1.663928508758545
970,2.223071813583374,2.223071813583374,0.4665178656578064,1.657039999961853
971,2.0820834636688232,2.0820834636688232,0.4698660671710968,1.3913054466247559
972,2.0544538497924805,2.0544538497924805,0.5091575384140015,1.586108922958374
973,2.1736719608306885,2.1736719608306885,0.49245062470436096,1.649099349975586
974,2.3220913410186768,2.3220913410186768,0.4430803656578064,1.8789077997207642
975,2.351135730743408,2.351135730743408,0.433373361825943,1.7408411502838135
976,2.1565606594085693,2.1565606594085693,0.5081967115402222,1.7675814628601074
977,2.1727294921875,2.1727294921875,0.47215497493743896,1.7733421325683594
978,2.2331745624542236,2.2331745624542236,0.46370023488998413,1.748140811920166
979,2.1462948322296143,2.1462948322296143,0.4590964615345001,1.6082265377044678
980,2.204618215560913,2.204618215560913,0.4795030951499939,1.7090718746185303
981,2.2699522972106934,2.2699522972106934,0.45073890686035156,1.6670678853988647
982,2.0191328525543213,2.0191328525543213,0.4981992840766907,1.7003753185272217
983,2.290696382522583,2.290696382522583,0.4527845084667206,1.766292929649353
984,2.1922645568847656,2.1922645568847656,0.4787946343421936,1.734565258026123
985,2.0858802795410156,2.0858802795410156,0.48672565817832947,1.673598051071167
986,2.2730093002319336,2.2730093002319336,0.46341463923454285,2.089797258377075
987,2.114886522293091,2.114886522293091,0.49038460850715637,1.7178183794021606
988,2.2439522743225098,2.2439522743225098,0.44200244545936584,1.760677695274353
989,2.136221408843994,2.136221408843994,0.47783252596855164,1.744504690170288
990,2.128732204437256,2.128732204437256,0.505602240562439,1.8330528736114502
991,2.1622743606567383,2.1622743606567383,0.5047619342803955,1.7455010414123535
992,2.2354605197906494,2.2354605197906494,0.4642857015132904,1.5895307064056396
993,2.2304985523223877,2.2304985523223877,0.4503401219844818,1.730721116065979
994,2.395498037338257,2.395498037338257,0.44673123955726624,1.672937035560608
995,2.4211642742156982,2.4211642742156982,0.41087231040000916,1.7759718894958496
996,2.236798048019409,2.236798048019409,0.4408482015132904,1.60613214969635
997,2.014782190322876,2.014782190322876,0.5199063420295715,1.5670124292373657
998,1.8791433572769165,1.8791433572769165,0.5267857313156128,1.4748750925064087
999,2.099700689315796,2.099700689315796,0.4888392984867096,1.7220369577407837
1000,2.3418967723846436,2.3418967723846436,0.44897958636283875,1.6634118556976318
1001,2.2160346508026123,2.2160346508026123,0.4829931855201721,1.6200040578842163
1002,2.1506664752960205,2.1506664752960205,0.484375,1.725572943687439
1003,1.9128661155700684,1.9128661155700684,0.5438175201416016,1.6774178743362427
1004,2.0634031295776367,2.0634031295776367,0.5030012130737305,1.693142294883728
1005,2.3133902549743652,2.3133902549743652,0.44188863039016724,1.8323442935943604
1006,2.1199088096618652,2.1199088096618652,0.4829931855201721,1.5185823440551758
1007,2.176724910736084,2.176724910736084,0.4676339328289032,1.6189203262329102
1008,2.0227348804473877,2.0227348804473877,0.5053128600120544,1.6731747388839722
1009,2.1206462383270264,2.1206462383270264,0.4754464328289032,1.5685683488845825
1010,2.234018564224243,2.234018564224243,0.4486422538757324,1.6205085515975952
1011,2.0781726837158203,2.0781726837158203,0.5066964030265808,1.7430099248886108
1012,2.2035300731658936,2.2035300731658936,0.4734356701374054,1.6318912506103516
1013,1.8837229013442993,1.8837229013442993,0.5192546844482422,1.5347962379455566
1014,2.1424944400787354,2.1424944400787354,0.46973365545272827,1.7125654220581055
1015,2.366222381591797,2.366222381591797,0.4162946343421936,1.6429822444915771
1016,2.077576160430908,2.077576160430908,0.46867167949676514,1.563928484916687
1017,2.2058990001678467,2.2058990001678467,0.45552560687065125,1.7043912410736084
1018,2.181835651397705,2.181835651397705,0.4851994812488556,1.750740885734558
1019,2.289926528930664,2.289926528930664,0.44354838132858276,1.7345352172851562
1020,2.1131749153137207,2.1131749153137207,0.49043869972229004,1.7043997049331665
1021,2.264695882797241,2.264695882797241,0.4590163826942444,1.706910252571106
1022,2.0385265350341797,2.0385265350341797,0.5011160969734192,1.7395108938217163
1023,2.187116861343384,2.187116861343384,0.47252747416496277,1.7559725046157837
1024,2.2566168308258057,2.2566168308258057,0.44656917452812195,1.7522927522659302
1025,2.102175235748291,2.102175235748291,0.49114522337913513,1.6703311204910278
1026,2.023101806640625,2.023101806640625,0.4921875,1.441022515296936
1027,2.219541072845459,2.219541072845459,0.4598214328289032,1.713154673576355
1028,1.8569681644439697,1.8569681644439697,0.5544794201850891,1.596626877784729
1029,2.062162399291992,2.062162399291992,0.5172811150550842,1.6357314586639404
1030,2.285534381866455,2.285534381866455,0.46305418014526367,1.8829041719436646
1031,2.2330732345581055,2.2330732345581055,0.4559006094932556,1.705977439880371
1032,2.010011911392212,2.010011911392212,0.5122767686843872,1.680605173110962
1033,1.953416347503662,1.953416347503662,0.533501923084259,1.7161877155303955
1034,1.9487581253051758,1.9487581253051758,0.5250626802444458,1.8090647459030151
1035,2.106363534927368,2.106363534927368,0.4848144054412842,1.7546671628952026
1036,2.147416830062866,2.147416830062866,0.5012531280517578,1.7208774089813232
1037,1.891655683517456,1.891655683517456,0.5421245694160461,1.6941406726837158
1038,2.2160656452178955,2.2160656452178955,0.4642857015132904,1.705191731452942
1039,2.192002773284912,2.192002773284912,0.4754464328289032,1.7625949382781982
1040,2.3011441230773926,2.3011441230773926,0.4409448802471161,1.6606237888336182
1041,2.3767263889312744,2.3767263889312744,0.42733991146087646,1.766090750694275
1042,2.183877468109131,2.183877468109131,0.4714285731315613,1.7943873405456543
1043,2.1114819049835205,2.1114819049835205,0.4713064730167389,1.718465805053711
1044,2.0824544429779053,2.0824544429779053,0.5089285969734192,1.6290650367736816
1045,1.9890002012252808,1.9890002012252808,0.5160098671913147,1.742584466934204
1046,2.0728704929351807,2.0728704929351807,0.4789915978908539,1.5561678409576416
1047,2.1334195137023926,2.1334195137023926,0.4765625,1.7089699506759644
1048,2.0817208290100098,2.0817208290100098,0.48878395557403564,1.6327314376831055
1049,2.098248243331909,2.098248243331909,0.4832589328289032,1.629792332649231
1050,2.267285108566284,2.267285108566284,0.4520089328289032,1.7797441482543945
1051,1.8850663900375366,1.8850663900375366,0.5436156988143921,1.8070851564407349
1052,2.2954604625701904,2.2954604625701904,0.45324674248695374,1.7351298332214355
1053,1.9802825450897217,1.9802825450897217,0.5345622301101685,1.5518486499786377
1054,2.1910150051116943,2.1910150051116943,0.4776785671710968,1.7971762418746948
1055,2.1547224521636963,2.1547224521636963,0.47261905670166016,1.6286718845367432
1056,2.0919225215911865,2.0919225215911865,0.489631325006485,1.507203221321106
1057,2.40456223487854,2.40456223487854,0.4308035671710968,1.8859903812408447
1058,1.8768590688705444,1.8768590688705444,0.5446428656578064,1.4386178255081177
1059,2.2202441692352295,2.2202441692352295,0.4542410671710968,1.8346799612045288
1060,2.2416024208068848,2.2416024208068848,0.47826087474823,1.9136489629745483
1061,2.0938403606414795,2.0938403606414795,0.469221830368042,1.5976710319519043
1062,2.334987163543701,2.334987163543701,0.4344746172428131,1.7326735258102417
1063,2.325193166732788,2.325193166732788,0.44144144654273987,2.0109500885009766
1064,2.2648766040802,2.2648766040802,0.4598214328289032,2.0900044441223145
1065,2.1528072357177734,2.1528072357177734,0.4877232015132904,1.6729536056518555
1066,2.16353440284729,2.16353440284729,0.4642857015132904,1.7081631422042847
1067,2.344829559326172,2.344829559326172,0.45120227336883545,1.9476029872894287
1068,1.9753690958023071,1.9753690958023071,0.5185601711273193,1.7052748203277588
1069,1.9553903341293335,1.9553903341293335,0.5294784307479858,1.7284971475601196
1070,2.0624732971191406,2.0624732971191406,0.5199999809265137,1.7366567850112915
1071,2.3444483280181885,2.3444483280181885,0.42490842938423157,1.87225341796875
1072,1.8660469055175781,1.8660469055175781,0.5628078579902649,1.7793564796447754
1073,2.214050769805908,2.214050769805908,0.4508928656578064,1.5520272254943848
1074,2.0051584243774414,2.0051584243774414,0.5033482313156128,1.5495926141738892
1075,1.938335657119751,1.938335657119751,0.5178571343421936,1.5917803049087524
1076,2.3221523761749268,2.3221523761749268,0.4377880096435547,1.8027050495147705
1077,2.2507741451263428,2.2507741451263428,0.4375,1.6875897645950317
1078,2.147860288619995,2.147860288619995,0.4799107015132904,1.7111929655075073
1079,2.1109848022460938,2.1109848022460938,0.48777347803115845,1.7891719341278076
1080,2.063613176345825,2.063613176345825,0.5135135054588318,1.7918256521224976
1081,1.9594727754592896,1.9594727754592896,0.5288018584251404,1.6912897825241089
1082,2.205183982849121,2.205183982849121,0.476940393447876,1.7627898454666138
1083,2.282904624938965,2.282904624938965,0.4575892984867096,1.7287954092025757
1084,2.1554946899414062,2.1554946899414062,0.4728192090988159,1.7537438869476318
1085,2.0819919109344482,2.0819919109344482,0.4933035671710968,1.7186930179595947
1086,2.142695665359497,2.142695665359497,0.4892541170120239,1.857314109802246
1087,2.0683820247650146,2.0683820247650146,0.5033482313156128,1.7841731309890747
1088,2.0964314937591553,2.0964314937591553,0.48245614767074585,1.7836127281188965
1089,2.2219455242156982,2.2219455242156982,0.4453125,1.7461210489273071
1090,2.081306219100952,2.081306219100952,0.4587053656578064,1.5602364540100098
1091,2.312084913253784,2.312084913253784,0.44897958636283875,2.0355803966522217
1092,2.0973284244537354,2.0973284244537354,0.4776785671710968,1.6605547666549683
1093,2.334907293319702,2.334907293319702,0.445993036031723,1.7726138830184937
1094,2.4007394313812256,2.4007394313812256,0.42490842938423157,2.029360294342041
1095,2.1481080055236816,2.1481080055236816,0.4933035671710968,1.790461778640747
1096,2.1554038524627686,2.1554038524627686,0.4508928656578064,1.901892900466919
1097,2.3118128776550293,2.3118128776550293,0.453125,2.0676112174987793
1098,1.9644641876220703,1.9644641876220703,0.53125,1.6970856189727783
1099,2.140700578689575,2.140700578689575,0.4906323254108429,1.9315110445022583
1100,2.2428677082061768,2.2428677082061768,0.4453125,1.664416790008545
1101,2.228541851043701,2.228541851043701,0.4665178656578064,1.7282793521881104
1102,2.023974895477295,2.023974895477295,0.4965437650680542,1.737501859664917
1103,2.0335261821746826,2.0335261821746826,0.5044642686843872,1.479023814201355
1104,1.8644646406173706,1.8644646406173706,0.5428571701049805,1.4905973672866821
1105,2.033411741256714,2.033411741256714,0.4921875,1.7960559129714966
1106,1.9163895845413208,1.9163895845413208,0.5298701524734497,1.524932861328125
1107,2.1714766025543213,2.1714766025543213,0.4587053656578064,1.6635053157806396
1108,2.0444653034210205,2.0444653034210205,0.518433153629303,1.5705987215042114
1109,1.722206950187683,1.722206950187683,0.5669642686843872,1.4599941968917847
1110,2.0081300735473633,2.0081300735473633,0.4981684982776642,1.5917327404022217
1111,2.073172092437744,2.073172092437744,0.484375,1.6221932172775269
1112,2.0227038860321045,2.0227038860321045,0.5111607313156128,1.6968541145324707
1113,2.245518207550049,2.245518207550049,0.44627055525779724,1.6652677059173584
1114,2.2003023624420166,2.2003023624420166,0.4587053656578064,1.7245286703109741
1115,2.276770830154419,2.276770830154419,0.4273291826248169,1.7535109519958496
1116,2.005510091781616,2.005510091781616,0.508474588394165,1.6913639307022095
1117,2.0019147396087646,2.0019147396087646,0.5045351386070251,1.5263808965682983
1118,1.9627679586410522,1.9627679586410522,0.5189732313156128,1.622313380241394
1119,2.083841323852539,2.083841323852539,0.4877232015132904,1.8165558576583862
1120,2.0779974460601807,2.0779974460601807,0.4810744822025299,1.8139212131500244
1121,2.359860897064209,2.359860897064209,0.4144037663936615,1.9066685438156128
1122,2.4414384365081787,2.4414384365081787,0.3854679763317108,1.9752057790756226
1123,1.7770040035247803,1.7770040035247803,0.5591517686843872,1.6921625137329102
1124,2.034259557723999,2.034259557723999,0.4988839328289032,1.6697518825531006
1125,2.20011305809021,2.20011305809021,0.46635183691978455,1.7971783876419067
1126,1.9277935028076172,1.9277935028076172,0.5341615080833435,1.8386715650558472
1127,2.3682689666748047,2.3682689666748047,0.42182227969169617,2.0336496829986572
1128,2.1740331649780273,2.1740331649780273,0.4698660671710968,1.771445393562317
1129,1.948913812637329,1.948913812637329,0.5145089030265808,1.7603734731674194
1130,2.2718451023101807,2.2718451023101807,0.4601648449897766,2.0270206928253174
1131,2.180111885070801,2.180111885070801,0.46164020895957947,1.8562771081924438
1132,2.380797863006592,2.380797863006592,0.4285714328289032,1.7324100732803345
1133,2.1060166358947754,2.1060166358947754,0.4754464328289032,1.7013674974441528
1134,2.0126705169677734,2.0126705169677734,0.5078125,1.749529242515564
1135,2.261503219604492,2.261503219604492,0.4508928656578064,1.7041174173355103
1136,2.198885202407837,2.198885202407837,0.46270543336868286,2.0432732105255127
1137,2.084078788757324,2.084078788757324,0.49142858386039734,1.7474069595336914
1138,2.1550354957580566,2.1550354957580566,0.4828571379184723,1.8969281911849976
1139,2.1030077934265137,2.1030077934265137,0.4921875,1.7975845336914062
1140,2.0337581634521484,2.0337581634521484,0.5,1.7467591762542725
1141,2.3025898933410645,2.3025898933410645,0.4375,1.8289953470230103
1142,2.276459217071533,2.276459217071533,0.4341517984867096,1.7459810972213745
1143,2.0170633792877197,2.0170633792877197,0.4944196343421936,1.7057685852050781
1144,1.9992445707321167,1.9992445707321167,0.4765625,1.6758486032485962
1145,2.284442901611328,2.284442901611328,0.45138055086135864,1.8668642044067383
1146,2.4356396198272705,2.4356396198272705,0.4084821343421936,1.9562474489212036
1147,2.117347478866577,2.117347478866577,0.49051833152770996,1.740265965461731
1148,2.228238105773926,2.228238105773926,0.46399998664855957,1.799957275390625
1149,2.0190489292144775,2.0190489292144775,0.5060080289840698,1.7689520120620728
1150,2.237151861190796,2.237151861190796,0.44877344369888306,1.9304620027542114
1151,2.229095935821533,2.229095935821533,0.44685715436935425,1.854559302330017
1152,2.032479763031006,2.032479763031006,0.504273533821106,1.7452763319015503
1153,2.0865023136138916,2.0865023136138916,0.4676339328289032,1.880759596824646
1154,2.1688973903656006,2.1688973903656006,0.4604591727256775,1.7124415636062622
1155,2.0476038455963135,2.0476038455963135,0.4987013041973114,2.047403573989868
1156,2.0445380210876465,2.0445380210876465,0.484375,1.7015022039413452
1157,2.2628204822540283,2.2628204822540283,0.4675324559211731,1.905273675918579
1158,2.0489704608917236,2.0489704608917236,0.4988839328289032,1.5539923906326294
1159,2.288334608078003,2.288334608078003,0.4601770043373108,2.1390163898468018
1160,1.9469192028045654,1.9469192028045654,0.5410872101783752,1.7455002069473267
1161,1.9935768842697144,1.9935768842697144,0.5015528202056885,2.3111801147460938
1162,2.15753173828125,2.15753173828125,0.4642857015132904,1.7615528106689453
1163,2.046621799468994,2.046621799468994,0.5062656402587891,1.7780051231384277
1164,2.0576934814453125,2.0576934814453125,0.470085471868515,1.5946518182754517
1165,2.079782724380493,2.079782724380493,0.4718969464302063,1.7783899307250977
1166,2.082653760910034,2.082653760910034,0.4832589328289032,1.6547003984451294
1167,2.122575044631958,2.122575044631958,0.47374847531318665,1.7254964113235474
1168,2.207130193710327,2.207130193710327,0.4615384638309479,1.8622533082962036
1169,2.2110095024108887,2.2110095024108887,0.4375,1.821280837059021
1170,2.0999653339385986,2.0999653339385986,0.48288074135780334,1.79913330078125
1171,1.995051383972168,1.995051383972168,0.5100446343421936,1.712514042854309
1172,2.009335994720459,2.009335994720459,0.5111607313156128,1.6804932355880737
1173,2.2041473388671875,2.2041473388671875,0.4665178656578064,1.7437525987625122
1174,2.1191036701202393,2.1191036701202393,0.4810267984867096,1.7510955333709717
1175,1.9705142974853516,1.9705142974853516,0.5044642686843872,1.667626142501831
1176,2.5070436000823975,2.5070436000823975,0.3671679198741913,1.8790398836135864
1177,1.9454498291015625,1.9454498291015625,0.5166666507720947,1.8474675416946411
1178,2.1788649559020996,2.1788649559020996,0.4654017984867096,1.6922651529312134
1179,1.950745701789856,1.950745701789856,0.5262515544891357,1.8120872974395752
1180,2.0558459758758545,2.0558459758758545,0.49696049094200134,2.117034912109375
1181,2.199892520904541,2.199892520904541,0.46142858266830444,2.04531192779541
1182,2.172255754470825,2.172255754470825,0.4564732015132904,1.799704909324646
1183,2.3559606075286865,2.3559606075286865,0.4285714328289032,1.9805785417556763
1184,1.9749051332473755,1.9749051332473755,0.5133928656578064,1.7377679347991943
1185,2.230189085006714,2.230189085006714,0.4701298773288727,2.1953673362731934
1186,2.0630786418914795,2.0630786418914795,0.4732142984867096,1.7415834665298462
1187,2.105353832244873,2.105353832244873,0.4789915978908539,1.905125379562378
1188,1.873129963874817,1.873129963874817,0.53125,1.4818748235702515
1189,2.0902345180511475,2.0902345180511475,0.4674185514450073,1.890010952949524
1190,2.168616533279419,2.168616533279419,0.4789227247238159,1.9432615041732788
1191,1.904055118560791,1.904055118560791,0.5357142686843872,1.9696053266525269
1192,2.189692735671997,2.189692735671997,0.46399998664855957,1.7432845830917358
1193,2.1888556480407715,2.1888556480407715,0.4639320969581604,2.1052141189575195
1194,2.129061222076416,2.129061222076416,0.4776785671710968,1.7565741539001465
1195,2.1685492992401123,2.1685492992401123,0.477477490901947,1.9107232093811035
1196,2.253657817840576,2.253657817840576,0.443793922662735,1.9547044038772583
1197,2.0387728214263916,2.0387728214263916,0.5043731927871704,1.8635793924331665
1198,2.081134080886841,2.081134080886841,0.484375,1.6587272882461548
1199,2.2014615535736084,2.2014615535736084,0.4441964328289032,1.6395617723464966
1200,2.259308338165283,2.259308338165283,0.4342857003211975,1.9251147508621216
1201,1.94613516330719,1.94613516330719,0.5253093242645264,1.8981096744537354
1202,2.0402839183807373,2.0402839183807373,0.5011160969734192,1.7170934677124023
1203,2.1848902702331543,2.1848902702331543,0.4761904776096344,1.6092177629470825
1204,2.0607352256774902,2.0607352256774902,0.47994986176490784,1.9055715799331665
1205,2.245133876800537,2.245133876800537,0.4508928656578064,1.9964416027069092
1206,2.2468459606170654,2.2468459606170654,0.4453125,1.6744660139083862
1207,2.043104410171509,2.043104410171509,0.5011160969734192,1.6763007640838623
1208,2.2134897708892822,2.2134897708892822,0.44206973910331726,1.642598032951355
1209,2.038395643234253,2.038395643234253,0.4910714328289032,1.7201226949691772
1210,2.040135622024536,2.040135622024536,0.5,1.6183501482009888
1211,2.0437779426574707,2.0437779426574707,0.501714289188385,1.666062831878662
1212,2.4277384281158447,2.4277384281158447,0.41451990604400635,1.9626970291137695
1213,2.1740212440490723,2.1740212440490723,0.4709821343421936,1.7914390563964844
1214,2.064582347869873,2.064582347869873,0.4654017984867096,1.7259798049926758
1215,1.9639899730682373,1.9639899730682373,0.5054945349693298,1.8630766868591309
1216,2.0725388526916504,2.0725388526916504,0.4761904776096344,1.776591420173645
1217,2.1788318157196045,2.1788318157196045,0.451127827167511,1.9727520942687988
1218,2.0864675045013428,2.0864675045013428,0.4892541170120239,1.8475515842437744
1219,2.3532328605651855,2.3532328605651855,0.4263392984867096,1.856828212738037
1220,2.2116830348968506,2.2116830348968506,0.4575892984867096,1.7534477710723877
1221,2.0537867546081543,2.0537867546081543,0.49047619104385376,1.7229079008102417
1222,1.9536372423171997,1.9536372423171997,0.5044642686843872,1.7005491256713867
1223,2.1508843898773193,2.1508843898773193,0.47976189851760864,1.979377269744873
1224,2.0557172298431396,2.0557172298431396,0.4728192090988159,1.6787184476852417
1225,2.0409939289093018,2.0409939289093018,0.5012755393981934,1.869311809539795
1226,2.1184113025665283,2.1184113025665283,0.5,2.082138776779175
1227,2.166327953338623,2.166327953338623,0.46190476417541504,1.8479597568511963
1228,2.2528257369995117,2.2528257369995117,0.4274553656578064,1.733496904373169
1229,1.7916040420532227,1.7916040420532227,0.5424107313156128,1.572351098060608
1230,1.9358463287353516,1.9358463287353516,0.5100446343421936,1.4877235889434814
1231,2.2476727962493896,2.2476727962493896,0.4334975481033325,1.8096624612808228
1232,2.115713119506836,2.115713119506836,0.4832589328289032,2.075277090072632
1233,2.1335299015045166,2.1335299015045166,0.4888392984867096,2.075446844100952
1234,2.077176094055176,2.077176094055176,0.5046082735061646,1.7598555088043213
1235,2.321775436401367,2.321775436401367,0.4251151978969574,1.848468542098999
1236,2.036904811859131,2.036904811859131,0.49791955947875977,1.7357814311981201
1237,2.0001909732818604,2.0001909732818604,0.5098522305488586,1.9155447483062744
1238,2.0826168060302734,2.0826168060302734,0.476590633392334,1.8530058860778809
1239,2.149256467819214,2.149256467819214,0.4654017984867096,2.2517917156219482
1240,2.3316726684570312,2.3316726684570312,0.4228110611438751,2.19995379447937
1241,1.8058586120605469,1.8058586120605469,0.5618131756782532,1.9252798557281494
1242,2.24239182472229,2.24239182472229,0.43354037404060364,2.0749478340148926
1243,2.222123861312866,2.222123861312866,0.4776785671710968,1.7317960262298584
1244,2.0930562019348145,2.0930562019348145,0.4854910671710968,2.0099329948425293
1245,1.9726966619491577,1.9726966619491577,0.5063879489898682,1.9079177379608154
1246,2.127472162246704,2.127472162246704,0.46666666865348816,1.773425579071045
1247,2.0514652729034424,2.0514652729034424,0.49810367822647095,1.8013155460357666
1248,2.125772476196289,2.125772476196289,0.4652014672756195,1.91721773147583
1249,2.2335333824157715,2.2335333824157715,0.4408482015132904,1.8032264709472656
1250,2.017275333404541,2.017275333404541,0.5100446343421936,1.731806993484497
1251,2.099734306335449,2.099734306335449,0.47058823704719543,1.9962854385375977
1252,2.0589523315429688,2.0589523315429688,0.48878395557403564,1.862894892692566
1253,2.2164342403411865,2.2164342403411865,0.4447004497051239,1.7859625816345215
1254,1.9912399053573608,1.9912399053573608,0.5233644843101501,1.8822109699249268
1255,2.214694023132324,2.214694023132324,0.43325525522232056,1.7851462364196777
1256,2.2036335468292236,2.2036335468292236,0.47422680258750916,2.177004098892212
1257,2.172666549682617,2.172666549682617,0.4597839117050171,1.9543718099594116
1258,1.9414926767349243,1.9414926767349243,0.5100446343421936,1.7777072191238403
1259,2.2709782123565674,2.2709782123565674,0.4263392984867096,1.7272679805755615
1260,2.2926628589630127,2.2926628589630127,0.4186335504055023,1.8311659097671509
1261,1.8015477657318115,1.8015477657318115,0.5379464030265808,1.6013362407684326
1262,2.395258903503418,2.395258903503418,0.41466498374938965,1.9553197622299194
1263,2.1221578121185303,2.1221578121185303,0.4733656048774719,2.041701078414917
1264,2.223689556121826,2.223689556121826,0.4392857253551483,1.8184031248092651
1265,2.0871574878692627,2.0871574878692627,0.4787946343421936,1.7887979745864868
1266,2.0341553688049316,2.0341553688049316,0.5033482313156128,1.6265652179718018
1267,2.0715668201446533,2.0715668201446533,0.4799107015132904,1.710702657699585
1268,2.0211238861083984,2.0211238861083984,0.4881889820098877,1.8472574949264526
1269,2.049623489379883,2.049623489379883,0.4977678656578064,1.6607166528701782
1270,2.103144407272339,2.103144407272339,0.47976189851760864,1.7962735891342163
1271,2.0561718940734863,2.0561718940734863,0.49371427297592163,1.8573888540267944
1272,2.1142590045928955,2.1142590045928955,0.4761904776096344,1.9603760242462158
1273,2.1448614597320557,2.1448614597320557,0.460067480802536,1.8625848293304443
1274,2.0737481117248535,2.0737481117248535,0.48571428656578064,1.6920560598373413
1275,2.1473538875579834,2.1473538875579834,0.4654761850833893,1.8367466926574707
1276,1.6100658178329468,1.6100658178329468,0.6071428656578064,3.5836308002471924
1277,2.004322052001953,2.004322052001953,0.5006105303764343,1.858927607536316
1278,2.1395070552825928,2.1395070552825928,0.4520089328289032,2.0041844844818115
1279,2.2510275840759277,2.2510275840759277,0.43494898080825806,1.9425536394119263
1280,2.107147455215454,2.107147455215454,0.4821428656578064,1.9283866882324219
1281,1.9535391330718994,1.9535391330718994,0.4966517984867096,1.7339653968811035
1282,2.1447267532348633,2.1447267532348633,0.46973365545272827,1.8502330780029297
1283,1.898952603340149,1.898952603340149,0.5178571343421936,1.688190221786499
1284,2.204613447189331,2.204613447189331,0.4575892984867096,1.7740668058395386
1285,1.963953971862793,1.963953971862793,0.5089285969734192,1.8092803955078125
1286,2.0300962924957275,2.0300962924957275,0.4933035671710968,1.711377739906311
1287,1.8300575017929077,1.8300575017929077,0.5608465671539307,1.729130744934082
1288,1.9879417419433594,1.9879417419433594,0.5011160969734192,1.6491698026657104
1289,2.008432149887085,2.008432149887085,0.506953239440918,2.011836528778076
1290,1.8054144382476807,1.8054144382476807,0.5513392686843872,1.6632975339889526
1291,2.1435704231262207,2.1435704231262207,0.4683229923248291,1.8946791887283325
1292,2.1954541206359863,2.1954541206359863,0.4616292715072632,1.9288290739059448
1293,2.140897512435913,2.140897512435913,0.4804045557975769,1.7779865264892578
1294,1.975334882736206,1.975334882736206,0.515625,1.9742622375488281
1295,2.0078043937683105,2.0078043937683105,0.5055803656578064,1.7962590456008911
1296,1.9526340961456299,1.9526340961456299,0.5025062561035156,1.9376333951950073
1297,1.9699859619140625,1.9699859619140625,0.4854910671710968,1.5907411575317383
1298,2.1333136558532715,2.1333136558532715,0.4754464328289032,1.7640979290008545
1299,1.9265438318252563,1.9265438318252563,0.5145089030265808,1.7387810945510864
1300,2.045245409011841,2.045245409011841,0.4877232015132904,1.6512157917022705
1301,2.040661096572876,2.040661096572876,0.4877232015132904,1.6524633169174194
1302,2.0345332622528076,2.0345332622528076,0.48571428656578064,1.7294800281524658
1303,2.129155158996582,2.129155158996582,0.4770186245441437,1.9225976467132568
1304,2.1248562335968018,2.1248562335968018,0.4821428656578064,1.8849403858184814
1305,1.8012744188308716,1.8012744188308716,0.5416148900985718,1.7984459400177002
1306,1.9795259237289429,1.9795259237289429,0.5212053656578064,1.9499108791351318
1307,2.140127420425415,2.140127420425415,0.4729064106941223,1.941250205039978
1308,1.9510395526885986,1.9510395526885986,0.5314769744873047,1.9602335691452026
1309,1.904567837715149,1.904567837715149,0.5044247508049011,1.7789809703826904
1310,2.2775416374206543,2.2775416374206543,0.4229910671710968,1.8916964530944824
1311,2.1377408504486084,2.1377408504486084,0.4573829472064972,1.8594456911087036
1312,2.057058572769165,2.057058572769165,0.4821428656578064,1.8063671588897705
1313,2.010226011276245,2.010226011276245,0.5150375962257385,2.0106496810913086
1314,1.9696581363677979,1.9696581363677979,0.5011160969734192,1.7210111618041992
1315,1.9691473245620728,1.9691473245620728,0.49531614780426025,1.625298261642456
1316,1.9353147745132446,1.9353147745132446,0.5122767686843872,1.5121681690216064
1317,1.9237794876098633,1.9237794876098633,0.5145089030265808,1.6195874214172363
1318,2.2110018730163574,2.2110018730163574,0.4675324559211731,1.973567247390747
1319,2.4424057006835938,2.4424057006835938,0.39227166771888733,2.195329427719116
1320,1.9435030221939087,1.9435030221939087,0.5078125,1.780646562576294
1321,2.0237832069396973,2.0237832069396973,0.5075493454933167,1.9281145334243774
1322,2.07855224609375,2.07855224609375,0.4761904776096344,1.8969781398773193
1323,2.170590400695801,2.170590400695801,0.42730721831321716,2.511235475540161
1324,2.2952194213867188,2.2952194213867188,0.4158986210823059,1.8864070177078247
1325,2.1618454456329346,2.1618454456329346,0.4330357015132904,1.9316939115524292
1326,1.8174179792404175,1.8174179792404175,0.5401785969734192,2.0504515171051025
1327,2.123471736907959,2.123471736907959,0.4664224684238434,2.003138780593872
1328,2.0248401165008545,2.0248401165008545,0.4837935268878937,2.17838454246521
1329,2.1242010593414307,2.1242010593414307,0.4645760655403137,1.8039240837097168
1330,1.9951567649841309,1.9951567649841309,0.4994375705718994,1.8284682035446167
1331,1.9305280447006226,1.9305280447006226,0.5033482313156128,1.7399638891220093
1332,2.203610420227051,2.203610420227051,0.45306122303009033,2.109175205230713
1333,2.269043445587158,2.269043445587158,0.44117647409439087,2.2253634929656982
1334,2.2537832260131836,2.2537832260131836,0.4395604431629181,1.9920156002044678
1335,2.106963872909546,2.106963872909546,0.4692005217075348,1.8713157176971436
1336,2.0304079055786133,2.0304079055786133,0.49831271171569824,1.9218801259994507
1337,2.1980748176574707,2.1980748176574707,0.4419642984867096,1.9322612285614014
1338,1.7437753677368164,1.7437753677368164,0.5652709603309631,1.9442535638809204
1339,1.8118953704833984,1.8118953704833984,0.5301339030265808,1.5363661050796509
1340,2.0437095165252686,2.0437095165252686,0.45808735489845276,1.7807483673095703
1341,2.2172904014587402,2.2172904014587402,0.4555680453777313,2.0134668350219727
1342,2.0599732398986816,2.0599732398986816,0.48019206523895264,1.8704545497894287
1343,1.7683649063110352,1.7683649063110352,0.5602678656578064,1.61405348777771
1344,1.934378743171692,1.934378743171692,0.515625,1.8642144203186035
1345,2.0499813556671143,2.0499813556671143,0.4659864008426666,1.710241675376892
1346,2.0179693698883057,2.0179693698883057,0.5072638988494873,1.832552433013916
1347,2.1031546592712402,2.1031546592712402,0.4799107015132904,1.937781810760498
1348,1.9733264446258545,1.9733264446258545,0.5073431134223938,1.9081960916519165
1349,1.9065845012664795,1.9065845012664795,0.5089285969734192,1.8511950969696045
1350,1.9978976249694824,1.9978976249694824,0.5035714507102966,1.8273816108703613
1351,1.7985197305679321,1.7985197305679321,0.5360094308853149,1.6957719326019287
1352,2.0560100078582764,2.0560100078582764,0.47914034128189087,2.046055555343628
1353,2.1196048259735107,2.1196048259735107,0.4587053656578064,1.8479748964309692
1354,2.2047693729400635,2.2047693729400635,0.4491899907588959,2.023022413253784
1355,2.0676932334899902,2.0676932334899902,0.4821428656578064,1.8016340732574463
1356,2.061829090118408,2.061829090118408,0.4851994812488556,2.0718741416931152
1357,1.7750775814056396,1.7750775814056396,0.5616605877876282,1.7812384366989136
1358,2.095282554626465,2.095282554626465,0.4534161388874054,1.8148198127746582
1359,1.9887629747390747,1.9887629747390747,0.5,1.6366209983825684
1360,2.1985349655151367,2.1985349655151367,0.4625850319862366,1.9083484411239624
1361,1.9418245553970337,1.9418245553970337,0.49659863114356995,2.0514259338378906
1362,2.055523157119751,2.055523157119751,0.4720982015132904,1.693283200263977
1363,1.9151201248168945,1.9151201248168945,0.5167410969734192,2.246048927307129
1364,1.8711405992507935,1.8711405992507935,0.5323660969734192,1.9033470153808594
1365,2.2161877155303955,2.2161877155303955,0.4636803865432739,2.161250352859497
1366,2.074150323867798,2.074150323867798,0.46875,1.9689805507659912
1367,2.1364502906799316,2.1364502906799316,0.47751322388648987,2.022408962249756
1368,1.919360876083374,1.919360876083374,0.5301339030265808,1.77827787399292
1369,2.0406203269958496,2.0406203269958496,0.4799107015132904,1.7908753156661987
1370,2.0825297832489014,2.0825297832489014,0.4832589328289032,1.790908694267273
1371,2.0254855155944824,2.0254855155944824,0.4810267984867096,1.833656907081604
1372,2.052536725997925,2.052536725997925,0.4832589328289032,1.8679347038269043
1373,2.1001667976379395,2.1001667976379395,0.4631696343421936,1.8125379085540771
1374,2.270692825317383,2.270692825317383,0.4334554374217987,2.145761013031006
1375,1.9757639169692993,1.9757639169692993,0.5055803656578064,1.8074297904968262
1376,1.8061810731887817,1.8061810731887817,0.5302663445472717,1.6502317190170288
1377,2.0201942920684814,2.0201942920684814,0.4920634925365448,1.733495831489563
1378,1.9814523458480835,1.9814523458480835,0.5033482313156128,1.8312643766403198
1379,2.1709911823272705,2.1709911823272705,0.46097201108932495,2.1336405277252197
1380,2.0625052452087402,2.0625052452087402,0.5022321343421936,1.9368993043899536
1381,1.9553574323654175,1.9553574323654175,0.5226480960845947,2.0042648315429688
1382,1.8972749710083008,1.8972749710083008,0.5205811262130737,2.091944694519043
1383,2.0282528400421143,2.0282528400421143,0.4897959232330322,1.7018436193466187
1384,1.9760538339614868,1.9760538339614868,0.4927360713481903,1.7210464477539062
1385,1.945953369140625,1.945953369140625,0.4977678656578064,1.8119062185287476
1386,2.0743203163146973,2.0743203163146973,0.4803149700164795,2.04423189163208
1387,2.2330784797668457,2.2330784797668457,0.4684065878391266,2.197169542312622
1388,1.8764152526855469,1.8764152526855469,0.515625,1.8552550077438354
1389,1.957339882850647,1.957339882850647,0.5,1.8257277011871338
1390,1.9090977907180786,1.9090977907180786,0.5267857313156128,1.6293007135391235
1391,2.134509325027466,2.134509325027466,0.4597402513027191,1.9286012649536133
1392,2.0892889499664307,2.0892889499664307,0.4679414927959442,1.9273003339767456
1393,2.314922332763672,2.314922332763672,0.4352678656578064,2.1257057189941406
1394,1.9716278314590454,1.9716278314590454,0.4645962715148926,1.7840980291366577
1395,1.8991249799728394,1.8991249799728394,0.5178571343421936,1.6268386840820312
1396,1.9346649646759033,1.9346649646759033,0.5042017102241516,1.9140698909759521
1397,2.206084966659546,2.206084966659546,0.4441964328289032,1.806563138961792
1398,2.092353105545044,2.092353105545044,0.4789915978908539,1.8086987733840942
1399,1.745830774307251,1.745830774307251,0.5595238208770752,1.6072769165039062
1400,2.126084566116333,2.126084566116333,0.4598214328289032,1.7499445676803589
1401,2.0462257862091064,2.0462257862091064,0.49384236335754395,1.841184139251709
1402,1.96998131275177,1.96998131275177,0.4910714328289032,1.7583976984024048
1403,1.99861741065979,1.99861741065979,0.4822954833507538,1.7689440250396729
1404,2.0831973552703857,2.0831973552703857,0.4810267984867096,1.9052715301513672
1405,2.0885393619537354,2.0885393619537354,0.4810267984867096,1.806636095046997
1406,1.911898136138916,1.911898136138916,0.5351288318634033,1.8269047737121582
1407,1.9318578243255615,1.9318578243255615,0.5100446343421936,2.023254156112671
1408,2.1753180027008057,2.1753180027008057,0.4453125,2.014467239379883
1409,2.0620388984680176,2.0620388984680176,0.4910714328289032,1.6915786266326904
1410,2.0266690254211426,2.0266690254211426,0.4899553656578064,1.8390496969223022
1411,2.0221500396728516,2.0221500396728516,0.499367892742157,2.0115163326263428
1412,2.092372417449951,2.092372417449951,0.47117793560028076,1.9350616931915283
1413,1.9742131233215332,1.9742131233215332,0.5257611274719238,1.8134434223175049
1414,2.09328293800354,2.09328293800354,0.4587053656578064,1.8632631301879883
1415,1.891929030418396,1.891929030418396,0.5230224132537842,1.7043753862380981
1416,2.066316604614258,2.066316604614258,0.48847925662994385,1.9648830890655518
1417,1.8403739929199219,1.8403739929199219,0.5245535969734192,1.864862322807312
1418,2.122959852218628,2.122959852218628,0.4665178656578064,1.901054859161377
1419,2.101167917251587,2.101167917251587,0.46875,1.8256416320800781
1420,1.8923184871673584,1.8923184871673584,0.5331369638442993,2.3450684547424316
1421,1.9884413480758667,1.9884413480758667,0.5289255976676941,2.165024995803833
1422,1.910156011581421,1.910156011581421,0.5133928656578064,1.9400413036346436
1423,2.003427267074585,2.003427267074585,0.5177045464515686,2.0893096923828125
1424,2.218909978866577,2.218909978866577,0.44847774505615234,1.9592266082763672
1425,1.9851913452148438,1.9851913452148438,0.4852420389652252,1.8552955389022827
1426,1.9009273052215576,1.9009273052215576,0.5185185074806213,2.038421869277954
1427,2.1308696269989014,2.1308696269989014,0.47428572177886963,1.9530681371688843
1428,1.9468023777008057,1.9468023777008057,0.5011160969734192,2.062238931655884
1429,1.8898370265960693,1.8898370265960693,0.5100446343421936,1.8055388927459717
1430,1.8425382375717163,1.8425382375717163,0.5368303656578064,1.8169838190078735
1431,2.0369060039520264,2.0369060039520264,0.4861751198768616,1.784385085105896
1432,1.934547781944275,1.934547781944275,0.5067155361175537,1.8861721754074097
1433,2.0678060054779053,2.0678060054779053,0.4977678656578064,2.3157923221588135
1434,2.0635221004486084,2.0635221004486084,0.486857146024704,1.9623630046844482
1435,2.0369060039520264,2.0369060039520264,0.4832589328289032,1.6712461709976196
1436,2.0161447525024414,2.0161447525024414,0.49498745799064636,1.9419238567352295
1437,2.088629722595215,2.088629722595215,0.4749373495578766,2.008720636367798
1438,1.8475608825683594,1.8475608825683594,0.5245535969734192,1.6490859985351562
1439,2.1955881118774414,2.1955881118774414,0.4530244469642639,1.9706369638442993
1440,2.0154170989990234,2.0154170989990234,0.49539169669151306,1.8637971878051758
1441,2.3779993057250977,2.3779993057250977,0.40270936489105225,1.9488550424575806
1442,2.0361874103546143,2.0361874103546143,0.4981684982776642,1.8162919282913208
1443,1.9361121654510498,1.9361121654510498,0.5401785969734192,1.8858258724212646
1444,2.1528353691101074,2.1528353691101074,0.4430992603302002,1.898069143295288
1445,1.9342410564422607,1.9342410564422607,0.5011160969734192,1.9942957162857056
1446,2.199984073638916,2.199984073638916,0.4550691246986389,2.1926629543304443
1447,2.190181016921997,2.190181016921997,0.4464285671710968,2.102048397064209
1448,1.9537785053253174,1.9537785053253174,0.49659863114356995,1.8590993881225586
1449,1.8990620374679565,1.8990620374679565,0.523809552192688,1.854048728942871
1450,2.0901594161987305,2.0901594161987305,0.47771430015563965,1.7477495670318604
1451,1.96475088596344,1.96475088596344,0.4877232015132904,1.640350580215454
1452,1.994400143623352,1.994400143623352,0.4899553656578064,1.6972413063049316
1453,2.1883628368377686,2.1883628368377686,0.4352678656578064,1.9233670234680176
1454,1.8910644054412842,1.8910644054412842,0.5327102541923523,1.89717698097229
1455,2.034026622772217,2.034026622772217,0.47771430015563965,2.265857696533203
1456,2.037493944168091,2.037493944168091,0.490285724401474,1.708716630935669
1457,2.059175729751587,2.059175729751587,0.48120301961898804,1.8315973281860352
1458,1.8060022592544556,1.8060022592544556,0.5510203838348389,1.8889212608337402
1459,2.006363868713379,2.006363868713379,0.49867725372314453,1.9829905033111572
1460,1.954378604888916,1.954378604888916,0.4930875599384308,1.7939647436141968
1461,2.185413360595703,2.185413360595703,0.45808735489845276,2.117831230163574
1462,2.2816271781921387,2.2816271781921387,0.4274553656578064,1.9906684160232544
1463,1.994986653327942,1.994986653327942,0.522522509098053,1.903778076171875
1464,2.0449187755584717,2.0449187755584717,0.4908424913883209,1.8279194831848145
1465,1.9965243339538574,1.9965243339538574,0.49381327629089355,1.784353494644165
1466,2.2451469898223877,2.2451469898223877,0.44720497727394104,2.066272258758545
1467,2.024613857269287,2.024613857269287,0.477477490901947,1.937831163406372
1468,2.14621639251709,2.14621639251709,0.47038328647613525,1.9837415218353271
1469,1.8245253562927246,1.8245253562927246,0.5283446907997131,1.7288298606872559
1470,2.0434963703155518,2.0434963703155518,0.4787946343421936,1.8086364269256592
1471,1.6069270372390747,1.6069270372390747,0.5878220200538635,1.8139185905456543
1472,2.2482666969299316,2.2482666969299316,0.4308035671710968,2.0098984241485596
1473,2.008730173110962,2.008730173110962,0.4988839328289032,1.9218684434890747
1474,2.100165843963623,2.100165843963623,0.4665178656578064,1.9879764318466187
1475,2.0055344104766846,2.0055344104766846,0.4965437650680542,1.8069592714309692
1476,2.047337293624878,2.047337293624878,0.49572649598121643,1.9013468027114868
1477,1.954822301864624,1.954822301864624,0.5022321343421936,1.8964004516601562
1478,1.9305096864700317,1.9305096864700317,0.515802800655365,1.9533857107162476
1479,2.0041816234588623,2.0041816234588623,0.5020026564598083,2.090798854827881
1480,2.1255264282226562,2.1255264282226562,0.4575892984867096,1.9490842819213867
1481,2.0657882690429688,2.0657882690429688,0.47029078006744385,2.0553102493286133
1482,2.0291950702667236,2.0291950702667236,0.4761904776096344,1.9195566177368164
1483,1.971869707107544,1.971869707107544,0.4944196343421936,1.9390981197357178
1484,1.8948376178741455,1.8948376178741455,0.5369458198547363,1.8413399457931519
1485,1.985653281211853,1.985653281211853,0.49297425150871277,1.7879267930984497
1486,1.8704586029052734,1.8704586029052734,0.5145089030265808,1.6667423248291016
1487,1.9979093074798584,1.9979093074798584,0.49245062470436096,1.8849694728851318
1488,1.9435603618621826,1.9435603618621826,0.5302663445472717,2.052199602127075
1489,2.0340709686279297,2.0340709686279297,0.47428572177886963,1.869604468345642
1490,2.0681748390197754,2.0681748390197754,0.4698660671710968,2.022768974304199
1491,2.0291035175323486,2.0291035175323486,0.4994375705718994,1.9574878215789795
1492,1.970608115196228,1.970608115196228,0.50212162733078,1.893811821937561
1493,2.0852458477020264,2.0852458477020264,0.46973365545272827,1.8802908658981323
1494,1.9987269639968872,1.9987269639968872,0.4944196343421936,2.1085503101348877
1495,1.757045865058899,1.757045865058899,0.5645161271095276,1.8564904928207397
1496,2.00801157951355,2.00801157951355,0.47863247990608215,1.9239920377731323
1497,1.8723958730697632,1.8723958730697632,0.5256696343421936,1.7353941202163696
1498,1.9624351263046265,1.9624351263046265,0.5098039507865906,2.0626068115234375
1499,2.0000898838043213,2.0000898838043213,0.4975786805152893,1.8737350702285767
1500,2.2306292057037354,2.2306292057037354,0.43868520855903625,2.14461350440979
1501,2.1113791465759277,2.1113791465759277,0.46305418014526367,1.9890058040618896
1502,1.7552036046981812,1.7552036046981812,0.5503512620925903,1.860749363899231
1503,1.9367101192474365,1.9367101192474365,0.5029154419898987,1.88608717918396
1504,2.124006986618042,2.124006986618042,0.46890756487846375,2.345503330230713
1505,1.7937510013580322,1.7937510013580322,0.5274725556373596,1.7275395393371582
1506,1.9176146984100342,1.9176146984100342,0.5226480960845947,1.6688177585601807
1507,2.1788432598114014,2.1788432598114014,0.4375,1.9526731967926025
1508,2.0279481410980225,2.0279481410980225,0.4732142984867096,1.9670504331588745
1509,1.8804423809051514,1.8804423809051514,0.5062656402587891,1.9009729623794556
1510,1.9418461322784424,1.9418461322784424,0.4933035671710968,1.8829594850540161
1511,2.1469740867614746,2.1469740867614746,0.4674285650253296,2.083189010620117
1512,1.9148964881896973,1.9148964881896973,0.5155279636383057,2.000058889389038
1513,2.3677947521209717,2.3677947521209717,0.4226190447807312,2.1735966205596924
1514,2.1747384071350098,2.1747384071350098,0.4542410671710968,1.956166386604309
1515,1.800679087638855,1.800679087638855,0.5412946343421936,1.6445380449295044
1516,1.8562623262405396,1.8562623262405396,0.5368303656578064,1.8852156400680542
1517,1.963795781135559,1.963795781135559,0.5113484859466553,1.857284665107727
1518,2.083427906036377,2.083427906036377,0.4832589328289032,2.011075735092163
1519,2.037611722946167,2.037611722946167,0.49114522337913513,2.008732795715332
1520,1.9763749837875366,1.9763749837875366,0.5,1.9588849544525146
1521,2.0749266147613525,2.0749266147613525,0.4475446343421936,1.8410917520523071
1522,2.057812213897705,2.057812213897705,0.4845714271068573,1.9261524677276611
1523,1.9061810970306396,1.9061810970306396,0.5049260854721069,2.0516934394836426
1524,1.8041797876358032,1.8041797876358032,0.5297619104385376,1.8865548372268677
1525,2.1153860092163086,2.1153860092163086,0.46301019191741943,2.122797727584839
1526,2.121917724609375,2.121917724609375,0.45276498794555664,1.9967820644378662
1527,2.142221689224243,2.142221689224243,0.45767197012901306,2.14203143119812
1528,1.9790805578231812,1.9790805578231812,0.508217453956604,2.0671961307525635
1529,2.049064874649048,2.049064874649048,0.4910714328289032,2.032667398452759
1530,1.9430131912231445,1.9430131912231445,0.5161290168762207,1.922090768814087
1531,1.784682035446167,1.784682035446167,0.5532467365264893,1.8144612312316895
1532,2.0459237098693848,2.0459237098693848,0.491782546043396,2.233710765838623
1533,1.923032522201538,1.923032522201538,0.511083722114563,1.9364488124847412
1534,2.152797222137451,2.152797222137451,0.4486607015132904,1.9830704927444458
1535,1.9433926343917847,1.9433926343917847,0.5100446343421936,1.8847861289978027
1536,2.025118827819824,2.025118827819824,0.47252747416496277,2.129939556121826
1537,2.0136373043060303,2.0136373043060303,0.4966517984867096,1.9198473691940308
1538,2.0139167308807373,2.0139167308807373,0.4870641231536865,2.0226144790649414
1539,2.132546901702881,2.132546901702881,0.4386160671710968,1.962925910949707
1540,1.8363219499588013,1.8363219499588013,0.5212053656578064,2.150047779083252
1541,2.1367666721343994,2.1367666721343994,0.45578232407569885,2.051736831665039
1542,2.171886920928955,2.171886920928955,0.4441964328289032,1.9594783782958984
1543,1.8702852725982666,1.8702852725982666,0.5362997651100159,1.8742809295654297
1544,2.047349214553833,2.047349214553833,0.4639696478843689,1.9654749631881714
1545,2.2091915607452393,2.2091915607452393,0.4419642984867096,2.4251151084899902
1546,1.9466928243637085,1.9466928243637085,0.4955357015132904,2.1791491508483887
1547,1.9600564241409302,1.9600564241409302,0.4832589328289032,1.977569341659546
1548,2.1465628147125244,2.1465628147125244,0.4575892984867096,1.9720449447631836
1549,1.9419879913330078,1.9419879913330078,0.49942857027053833,1.8645775318145752
1550,1.8754539489746094,1.8754539489746094,0.505142867565155,1.8803603649139404
1551,1.8037723302841187,1.8037723302841187,0.538690447807312,2.115206480026245
1552,2.1169402599334717,2.1169402599334717,0.4698660671710968,2.165621280670166
1553,2.0110442638397217,2.0110442638397217,0.4899553656578064,1.9209429025650024
1554,1.948395013809204,1.948395013809204,0.5133565664291382,1.923395037651062
1555,1.986662745475769,1.986662745475769,0.49940967559814453,1.9300469160079956
1556,2.148496627807617,2.148496627807617,0.4598214328289032,2.119594097137451
1557,2.0731143951416016,2.0731143951416016,0.4877232015132904,1.9025797843933105
1558,1.8157739639282227,1.8157739639282227,0.5442857146263123,2.0843796730041504
1559,1.8300265073776245,1.8300265073776245,0.5226480960845947,1.817724347114563
1560,1.9660269021987915,1.9660269021987915,0.5067155361175537,1.838372826576233
1561,1.6550676822662354,1.6550676822662354,0.5535714030265808,1.7114843130111694
1562,2.1306729316711426,2.1306729316711426,0.4423963129520416,1.9815179109573364
1563,2.2004947662353516,2.2004947662353516,0.4419642984867096,2.0006797313690186
1564,2.061131238937378,2.061131238937378,0.4676339328289032,1.8470598459243774
1565,2.0461621284484863,2.0461621284484863,0.5033482313156128,1.9970842599868774
1566,2.017958641052246,2.017958641052246,0.47329193353652954,1.9823464155197144
1567,1.915763258934021,1.915763258934021,0.4977678656578064,2.016080617904663
1568,2.040320873260498,2.040320873260498,0.48571428656578064,2.0067031383514404
1569,1.808127999305725,1.808127999305725,0.5450180172920227,2.0229883193969727
1570,1.9348065853118896,1.9348065853118896,0.5230414867401123,2.059098720550537
1571,1.8944728374481201,1.8944728374481201,0.52073734998703,1.7817927598953247
1572,1.9167747497558594,1.9167747497558594,0.5024630427360535,1.9055360555648804
1573,2.180969476699829,2.180969476699829,0.4364454448223114,2.224958896636963
1574,1.882566213607788,1.882566213607788,0.5250626802444458,2.0767643451690674
1575,2.038853406906128,2.038853406906128,0.4709821343421936,1.7499631643295288
1576,1.9508525133132935,1.9508525133132935,0.4944196343421936,1.8897254467010498
1577,2.0080389976501465,2.0080389976501465,0.49882903695106506,2.111534357070923
1578,2.193801164627075,2.193801164627075,0.4441964328289032,1.9976438283920288
1579,1.9365007877349854,1.9365007877349854,0.5260347127914429,2.068497896194458
1580,2.0840940475463867,2.0840940475463867,0.48250728845596313,2.194477081298828
1581,1.9867358207702637,1.9867358207702637,0.4793388545513153,1.9133599996566772
1582,2.0449330806732178,2.0449330806732178,0.490996390581131,1.764657735824585
1583,2.055424928665161,2.055424928665161,0.4709821343421936,1.907365322113037
1584,1.64445960521698,1.64445960521698,0.5837053656578064,1.7481074333190918
1585,1.9732345342636108,1.9732345342636108,0.5100446343421936,1.8208035230636597
1586,1.762640118598938,1.762640118598938,0.5591517686843872,1.8781936168670654
1587,1.8785370588302612,1.8785370588302612,0.5111607313156128,1.8228956460952759
1588,2.105872869491577,2.105872869491577,0.4671201705932617,1.9013469219207764
1589,2.0283472537994385,2.0283472537994385,0.4787946343421936,1.9606091976165771
1590,2.083136558532715,2.083136558532715,0.4862385392189026,2.044412612915039
1591,2.0644142627716064,2.0644142627716064,0.4949381351470947,2.1697885990142822
1592,2.0711002349853516,2.0711002349853516,0.4648910462856293,2.1183035373687744
1593,1.9009053707122803,1.9009053707122803,0.5368303656578064,1.8186076879501343
1594,1.890791893005371,1.890791893005371,0.53125,2.0721232891082764
1595,2.1937367916107178,2.1937367916107178,0.4406779706478119,2.0645663738250732
1596,2.0087356567382812,2.0087356567382812,0.48235294222831726,2.3379971981048584
1597,2.1195454597473145,2.1195454597473145,0.4343318045139313,1.949495792388916
1598,1.890899419784546,1.890899419784546,0.5283018946647644,1.8382478952407837
1599,2.257547616958618,2.257547616958618,0.4145658314228058,2.1969826221466064
1600,1.720325231552124,1.720325231552124,0.5861678123474121,1.8761861324310303
1601,2.247478723526001,2.247478723526001,0.4497767984867096,1.9491488933563232
1602,2.0990920066833496,2.0990920066833496,0.49043869972229004,1.9885629415512085
1603,2.03163743019104,2.03163743019104,0.49394673109054565,1.7756279706954956
1604,2.061422348022461,2.061422348022461,0.47200000286102295,2.2158846855163574
1605,2.083395004272461,2.083395004272461,0.4732142984867096,1.9231759309768677
1606,1.780556559562683,1.780556559562683,0.561904788017273,1.9046615362167358
1607,2.1309783458709717,2.1309783458709717,0.46657928824424744,2.201213836669922
1608,1.9501899480819702,1.9501899480819702,0.49539169669151306,1.7904373407363892
1609,1.8255447149276733,1.8255447149276733,0.5279017686843872,1.6416147947311401
1610,1.8196866512298584,1.8196866512298584,0.5290178656578064,1.8273283243179321
1611,1.7580422163009644,1.7580422163009644,0.5580357313156128,1.7572115659713745
1612,1.8390706777572632,1.8390706777572632,0.546875,1.7282211780548096
1613,2.097771406173706,2.097771406173706,0.4928571283817291,1.9792059659957886
1614,2.106349468231201,2.106349468231201,0.4430803656578064,2.04185152053833
1615,1.7314025163650513,1.7314025163650513,0.5610598921775818,1.7015010118484497
1616,2.079822301864624,2.079822301864624,0.4665178656578064,2.010056734085083
1617,1.9348870515823364,1.9348870515823364,0.5022321343421936,1.7759300470352173
1618,2.150407075881958,2.150407075881958,0.4519704580307007,1.961787462234497
1619,1.8756964206695557,1.8756964206695557,0.5133928656578064,1.801482081413269
1620,1.6827260255813599,1.6827260255813599,0.5830429792404175,1.7524008750915527
1621,1.997319221496582,1.997319221496582,0.4821428656578064,1.8818495273590088
1622,1.8900829553604126,1.8900829553604126,0.5089285969734192,1.9916322231292725
1623,2.1124484539031982,2.1124484539031982,0.4427284300327301,2.1617414951324463
1624,1.9978200197219849,1.9978200197219849,0.48083624243736267,2.0212082862854004
1625,1.7586392164230347,1.7586392164230347,0.5446428656578064,1.7038947343826294
1626,1.8346689939498901,1.8346689939498901,0.5331010222434998,2.0985941886901855
1627,1.9696264266967773,1.9696264266967773,0.47783252596855164,2.147695779800415
1628,2.002763509750366,2.002763509750366,0.49539169669151306,1.8956034183502197
1629,2.0459816455841064,2.0459816455841064,0.501714289188385,2.102853536605835
1630,2.069701671600342,2.069701671600342,0.4685229957103729,2.076406240463257
1631,1.7854175567626953,1.7854175567626953,0.5385487675666809,1.90573251247406
1632,1.9900282621383667,1.9900282621383667,0.4942396283149719,2.0003674030303955
1633,1.9597585201263428,1.9597585201263428,0.4955752193927765,1.9440890550613403
1634,2.169485569000244,2.169485569000244,0.4631696343421936,2.076171875
1635,1.9624780416488647,1.9624780416488647,0.5055803656578064,2.1076231002807617
1636,1.9757143259048462,1.9757143259048462,0.4832298159599304,1.9905048608779907
1637,1.9566277265548706,1.9566277265548706,0.4977324306964874,2.1351444721221924
1638,1.9350144863128662,1.9350144863128662,0.4955357015132904,1.9741129875183105
1639,1.8587201833724976,1.8587201833724976,0.5200892686843872,1.7878081798553467
1640,1.8420900106430054,1.8420900106430054,0.5267080664634705,2.011260509490967
1641,2.0310468673706055,2.0310468673706055,0.5,1.9818035364151
1642,1.7593698501586914,1.7593698501586914,0.5633423328399658,2.034173011779785
1643,1.9436981678009033,1.9436981678009033,0.5024630427360535,1.9210550785064697
1644,2.0797042846679688,2.0797042846679688,0.47577640414237976,2.017648935317993
1645,2.081190824508667,2.081190824508667,0.46875,2.218376636505127
1646,1.9179223775863647,1.9179223775863647,0.5112160444259644,1.9314535856246948
1647,2.1411588191986084,2.1411588191986084,0.453125,2.0735862255096436
1648,2.0731186866760254,2.0731186866760254,0.4720982015132904,2.0775344371795654
1649,1.9777085781097412,1.9777085781097412,0.4885954260826111,2.0578365325927734
1650,2.006990909576416,2.006990909576416,0.4915635585784912,1.9879124164581299
1651,2.240607261657715,2.240607261657715,0.4285714328289032,2.1893796920776367
1652,1.8437870740890503,1.8437870740890503,0.5357142686843872,1.9507805109024048
1653,2.0182504653930664,2.0182504653930664,0.4920634925365448,2.04260516166687
1654,1.8931326866149902,1.8931326866149902,0.5206611752510071,1.8805078268051147
1655,1.7553963661193848,1.7553963661193848,0.5436156988143921,1.7804328203201294
1656,1.8431683778762817,1.8431683778762817,0.519370436668396,1.8009036779403687
1657,2.037120819091797,2.037120819091797,0.4921875,2.1608171463012695
1658,1.9471694231033325,1.9471694231033325,0.4916344881057739,1.9536101818084717
1659,1.9538908004760742,1.9538908004760742,0.5089285969734192,1.8685410022735596
1660,2.0989654064178467,2.0989654064178467,0.48120301961898804,2.1846237182617188
1661,2.0804381370544434,2.0804381370544434,0.4732142984867096,1.9024600982666016
1662,1.735471487045288,1.735471487045288,0.5725446343421936,1.8396718502044678
1663,1.9471632242202759,1.9471632242202759,0.5087108016014099,2.0281593799591064
1664,2.0693795680999756,2.0693795680999756,0.4832589328289032,2.0463411808013916
1665,1.999881386756897,1.999881386756897,0.4803149700164795,2.0642242431640625
1666,2.000361919403076,2.000361919403076,0.4921875,1.759962797164917
1667,1.8535856008529663,1.8535856008529663,0.5350140333175659,2.06463623046875
1668,1.910076379776001,1.910076379776001,0.5213675498962402,2.0278360843658447
1669,1.9892868995666504,1.9892868995666504,0.4878048896789551,1.9772673845291138
1670,1.9206324815750122,1.9206324815750122,0.502267599105835,1.8233340978622437
1671,1.916495442390442,1.916495442390442,0.5100446343421936,2.0215890407562256
1672,1.760637640953064,1.760637640953064,0.5479910969734192,1.813012719154358
1673,1.962950587272644,1.962950587272644,0.5024213194847107,2.0166032314300537
1674,1.984739065170288,1.984739065170288,0.5025062561035156,1.964394450187683
1675,2.1260054111480713,2.1260054111480713,0.45787546038627625,2.087104082107544
1676,1.758198618888855,1.758198618888855,0.5258103013038635,1.9844461679458618
1677,2.1529834270477295,2.1529834270477295,0.4521739184856415,2.2292537689208984
1678,2.2425854206085205,2.2425854206085205,0.4285714328289032,2.1779768466949463
1679,2.0965895652770996,2.0965895652770996,0.4832298159599304,2.2079851627349854
1680,1.9210879802703857,1.9210879802703857,0.5046082735061646,1.829308032989502
1681,1.9089380502700806,1.9089380502700806,0.517067015171051,1.9669517278671265
1682,2.0380184650421143,2.0380184650421143,0.4464285671710968,1.7441164255142212
1683,2.106247663497925,2.106247663497925,0.4594285786151886,2.009748935699463
1684,1.8690917491912842,1.8690917491912842,0.5245535969734192,1.9069666862487793
1685,1.8399412631988525,1.8399412631988525,0.5223214030265808,1.931527018547058
1686,1.7792816162109375,1.7792816162109375,0.5601503849029541,1.8269834518432617
1687,1.8798478841781616,1.8798478841781616,0.5133171677589417,2.037106990814209
1688,2.1604020595550537,2.1604020595550537,0.4601873457431793,2.071748971939087
1689,2.0220017433166504,2.0220017433166504,0.4888392984867096,2.040903091430664
1690,1.993158221244812,1.993158221244812,0.49047619104385376,1.9180865287780762
1691,1.9779077768325806,1.9779077768325806,0.484375,2.028809070587158
1692,1.7372539043426514,1.7372539043426514,0.5301339030265808,1.6563485860824585
1693,1.936496376991272,1.936496376991272,0.4966517984867096,1.8787533044815063
1694,1.947953462600708,1.947953462600708,0.5128805637359619,1.9572848081588745
1695,1.9210379123687744,1.9210379123687744,0.523809552192688,2.0206713676452637
1696,1.4631165266036987,1.4631165266036987,0.6295828223228455,1.6334359645843506
1697,1.9988864660263062,1.9988864660263062,0.4750566780567169,1.8252850770950317
1698,1.9724693298339844,1.9724693298339844,0.4787946343421936,1.8537681102752686
1699,2.093515157699585,2.093515157699585,0.46649810671806335,2.155790328979492
1700,1.8689717054367065,1.8689717054367065,0.514041543006897,1.8074885606765747
1701,2.0577759742736816,2.0577759742736816,0.46875,1.948520541191101
1702,1.734296441078186,1.734296441078186,0.5433070659637451,1.765525460243225
1703,1.9765288829803467,1.9765288829803467,0.4921875,1.9865888357162476
1704,1.820391058921814,1.820391058921814,0.5290178656578064,1.9108308553695679
1705,2.0393364429473877,2.0393364429473877,0.4941451847553253,2.188695192337036
1706,2.0102691650390625,2.0102691650390625,0.4927360713481903,2.2363240718841553
1707,1.8617759943008423,1.8617759943008423,0.5111607313156128,2.0352087020874023
1708,1.9726132154464722,1.9726132154464722,0.48752835392951965,1.8064615726470947
1709,2.030266284942627,2.030266284942627,0.48243558406829834,2.1832237243652344
1710,1.906761884689331,1.906761884689331,0.523809552192688,2.1012535095214844
1711,2.110914468765259,2.110914468765259,0.47697755694389343,2.145481824874878
1712,2.0521020889282227,2.0521020889282227,0.4920634925365448,2.4393439292907715
1713,2.0046656131744385,2.0046656131744385,0.4636591374874115,1.9150934219360352
1714,2.082777261734009,2.082777261734009,0.4564732015132904,1.929701566696167
1715,2.0506644248962402,2.0506644248962402,0.46857142448425293,2.2816483974456787
1716,1.6941204071044922,1.6941204071044922,0.5608899593353271,1.7930957078933716
1717,2.0093507766723633,2.0093507766723633,0.4832298159599304,1.951146125793457
1718,1.8022969961166382,1.8022969961166382,0.538095235824585,1.9051549434661865
1719,1.932842493057251,1.932842493057251,0.5225885510444641,2.055203676223755
1720,1.9875128269195557,1.9875128269195557,0.47787609696388245,1.8866510391235352
1721,2.0607621669769287,2.0607621669769287,0.4758155345916748,1.986283540725708
1722,1.9679652452468872,1.9679652452468872,0.4877232015132904,1.9360566139221191
1723,1.7589203119277954,1.7589203119277954,0.5405714511871338,1.7524964809417725
1724,1.762255072593689,1.762255072593689,0.546875,1.803679347038269
1725,1.8417956829071045,1.8417956829071045,0.5178571343421936,1.853511929512024
1726,1.9379197359085083,1.9379197359085083,0.49878934025764465,2.0995006561279297
1727,1.9415740966796875,1.9415740966796875,0.505142867565155,1.792546033859253
1728,1.9006985425949097,1.9006985425949097,0.5267857313156128,1.9086257219314575
1729,2.0899667739868164,2.0899667739868164,0.46125906705856323,2.134518623352051
1730,2.0571417808532715,2.0571417808532715,0.4766118824481964,2.388638734817505
1731,1.9529768228530884,1.9529768228530884,0.5056890249252319,1.9790735244750977
1732,1.7242661714553833,1.7242661714553833,0.5699708461761475,2.3208088874816895
1733,2.0154967308044434,2.0154967308044434,0.4854910671710968,1.934728741645813
1734,2.1818602085113525,2.1818602085113525,0.4464285671710968,2.059133529663086
1735,2.067487955093384,2.067487955093384,0.4674185514450073,1.8717886209487915
1736,1.9100251197814941,1.9100251197814941,0.5142857432365417,2.1057651042938232
1737,1.9564467668533325,1.9564467668533325,0.4877232015132904,1.9051506519317627
1738,2.078528881072998,2.078528881072998,0.46338534355163574,2.1117708683013916
1739,1.874106526374817,1.874106526374817,0.5189732313156128,1.9100430011749268
1740,1.833675742149353,1.833675742149353,0.5191637873649597,1.8678030967712402
1741,1.93077552318573,1.93077552318573,0.4799107015132904,1.7956366539001465
1742,1.8014793395996094,1.8014793395996094,0.5334821343421936,1.8354076147079468
1743,2.070460796356201,2.070460796356201,0.4709821343421936,2.2143478393554688
1744,1.6350760459899902,1.6350760459899902,0.5590062141418457,1.9246885776519775
1745,1.7430888414382935,1.7430888414382935,0.5338345766067505,1.746443510055542
1746,2.0091097354888916,2.0091097354888916,0.46875,1.8934305906295776
1747,2.1078126430511475,2.1078126430511475,0.4464285671710968,1.8716907501220703
1748,1.9310100078582764,1.9310100078582764,0.5011160969734192,1.9488462209701538
1749,1.8442418575286865,1.8442418575286865,0.5142857432365417,2.0603981018066406
1750,1.8996273279190063,1.8996273279190063,0.5100446343421936,1.9271464347839355
1751,2.006356716156006,2.006356716156006,0.4888392984867096,1.9657752513885498
1752,2.129491090774536,2.129491090774536,0.4720982015132904,1.932371735572815
1753,1.7935725450515747,1.7935725450515747,0.5379464030265808,1.7535046339035034
1754,1.9862635135650635,1.9862635135650635,0.4888392984867096,1.9285050630569458
1755,2.0517518520355225,2.0517518520355225,0.48469388484954834,2.254413604736328
1756,2.0285191535949707,2.0285191535949707,0.5199999809265137,2.168468952178955
1757,1.9289807081222534,1.9289807081222534,0.48962149024009705,2.0485243797302246
1758,1.916694164276123,1.916694164276123,0.4880000054836273,2.0233049392700195
1759,2.061940908432007,2.061940908432007,0.4687933325767517,2.273085832595825
1760,1.8613286018371582,1.8613286018371582,0.5366459488868713,1.9483354091644287
1761,1.8511701822280884,1.8511701822280884,0.5171192288398743,2.2044973373413086
1762,1.9227851629257202,1.9227851629257202,0.5125313401222229,2.1350605487823486
1763,1.879310965538025,1.879310965538025,0.5199063420295715,1.9269474744796753
1764,1.9848366975784302,1.9848366975784302,0.490996390581131,2.0089452266693115
1765,1.9444776773452759,1.9444776773452759,0.4977678656578064,2.205423593521118
1766,1.8795373439788818,1.8795373439788818,0.5167410969734192,1.9858429431915283
1767,2.216452121734619,2.216452121734619,0.46818727254867554,2.2952780723571777
1768,1.9921561479568481,1.9921561479568481,0.5022321343421936,2.0462610721588135
1769,2.0528388023376465,2.0528388023376465,0.477751761674881,2.137601852416992
1770,2.0124900341033936,2.0124900341033936,0.4942396283149719,1.9992567300796509
1771,2.08107590675354,2.08107590675354,0.46370023488998413,2.0206515789031982
1772,1.8253217935562134,1.8253217935562134,0.5262390375137329,2.048926830291748
1773,1.7755223512649536,1.7755223512649536,0.5479910969734192,2.3696887493133545
1774,1.9812874794006348,1.9812874794006348,0.490285724401474,2.0357065200805664
1775,2.114755868911743,2.114755868911743,0.4761904776096344,2.301190137863159
1776,1.8260993957519531,1.8260993957519531,0.5332512259483337,2.1135334968566895
1777,1.7448610067367554,1.7448610067367554,0.5461309552192688,2.2318270206451416
1778,1.9677066802978516,1.9677066802978516,0.4944196343421936,2.2629048824310303
1779,2.16520619392395,2.16520619392395,0.4658385217189789,2.4515485763549805
1780,2.065976858139038,2.065976858139038,0.4765625,2.144943952560425
1781,1.923543095588684,1.923543095588684,0.4944196343421936,1.9562289714813232
1782,1.7415521144866943,1.7415521144866943,0.5368303656578064,1.775950312614441
1783,1.9956945180892944,1.9956945180892944,0.4921875,2.0183348655700684
1784,2.0835957527160645,2.0835957527160645,0.4892857074737549,2.4592854976654053
1785,2.0028278827667236,2.0028278827667236,0.49810367822647095,2.5038981437683105
1786,1.944805383682251,1.944805383682251,0.5159385800361633,2.165882110595703
1787,1.7977583408355713,1.7977583408355713,0.5357142686843872,1.8150242567062378
1788,1.9005422592163086,1.9005422592163086,0.5097143054008484,2.1254284381866455
1789,2.1005520820617676,2.1005520820617676,0.45126834511756897,2.1245059967041016
1790,1.8810943365097046,1.8810943365097046,0.5246305465698242,2.033602237701416
1791,1.9430527687072754,1.9430527687072754,0.5087719559669495,1.991621732711792
1792,2.012808084487915,2.012808084487915,0.4901960790157318,2.2332241535186768
1793,2.1121840476989746,2.1121840476989746,0.4639696478843689,2.0292773246765137
1794,1.9730113744735718,1.9730113744735718,0.48152709007263184,2.048480987548828
1795,1.89054274559021,1.89054274559021,0.5050125122070312,2.0102035999298096
1796,1.9014984369277954,1.9014984369277954,0.4966517984867096,1.9085140228271484
1797,2.0315918922424316,2.0315918922424316,0.4832589328289032,2.0220999717712402
1798,1.8758753538131714,1.8758753538131714,0.5253456234931946,1.9455641508102417
1799,1.993038296699524,1.993038296699524,0.4743303656578064,1.931572437286377
1800,2.1663339138031006,2.1663339138031006,0.4573732614517212,1.9727966785430908
1801,1.9467662572860718,1.9467662572860718,0.5164835453033447,2.3871352672576904
1802,1.9197216033935547,1.9197216033935547,0.4988839328289032,1.8426204919815063
1803,2.021599054336548,2.021599054336548,0.4944099485874176,2.1260159015655518
1804,1.9784342050552368,1.9784342050552368,0.4665178656578064,1.8728686571121216
1805,1.899248480796814,1.899248480796814,0.5136054158210754,2.0438034534454346
1806,1.787177324295044,1.787177324295044,0.5374149680137634,1.9870983362197876
1807,2.1532557010650635,2.1532557010650635,0.44991791248321533,2.5343573093414307
1808,2.1205763816833496,2.1205763816833496,0.4620535671710968,2.269848346710205
1809,1.9890649318695068,1.9890649318695068,0.5005903244018555,2.1718173027038574
1810,1.7973533868789673,1.7973533868789673,0.5461441278457642,2.025498390197754
1811,1.8572633266448975,1.8572633266448975,0.5279017686843872,1.819872498512268
1812,1.7051652669906616,1.7051652669906616,0.5532212853431702,1.969468593597412
1813,2.037914514541626,2.037914514541626,0.47117793560028076,2.127509117126465
1814,1.7649729251861572,1.7649729251861572,0.5341615080833435,1.8677245378494263
1815,2.207810401916504,2.207810401916504,0.4178905189037323,2.2520499229431152
1816,1.9870823621749878,1.9870823621749878,0.49450549483299255,2.0582334995269775
1817,2.1250722408294678,2.1250722408294678,0.4598214328289032,2.1519060134887695
1818,2.000619411468506,2.000619411468506,0.500632107257843,2.0721073150634766
1819,2.0045816898345947,2.0045816898345947,0.4877232015132904,2.075944185256958
1820,1.8726553916931152,1.8726553916931152,0.5322580933570862,2.0294039249420166
1821,1.9437447786331177,1.9437447786331177,0.4913793206214905,1.8708237409591675
1822,1.893331527709961,1.893331527709961,0.5223214030265808,2.1432836055755615
1823,2.04899525642395,2.04899525642395,0.48840048909187317,2.1848039627075195
1824,1.844002604484558,1.844002604484558,0.5223214030265808,1.9003171920776367
1825,1.9769511222839355,1.9769511222839355,0.4909090995788574,2.026323080062866
1826,2.0923962593078613,2.0923962593078613,0.4773519039154053,2.0786311626434326
1827,1.6976767778396606,1.6976767778396606,0.5664160251617432,1.894356369972229
1828,1.842538595199585,1.842538595199585,0.521142840385437,2.0695977210998535
1829,1.923932433128357,1.923932433128357,0.5226480960845947,1.9440263509750366
1830,1.7599905729293823,1.7599905729293823,0.5488095283508301,2.145496368408203
1831,1.9748419523239136,1.9748419523239136,0.4743303656578064,2.083019495010376
1832,1.9664790630340576,1.9664790630340576,0.4863945543766022,1.9728944301605225
1833,1.7762333154678345,1.7762333154678345,0.5279017686843872,1.905292272567749
1834,1.9810943603515625,1.9810943603515625,0.501896321773529,2.2352938652038574
1835,1.8592795133590698,1.8592795133590698,0.5133928656578064,2.138828754425049
1836,2.1415390968322754,2.1415390968322754,0.4542410671710968,2.101726531982422
1837,1.862850546836853,1.862850546836853,0.5142857432365417,2.130359411239624
1838,1.7493879795074463,1.7493879795074463,0.5379464030265808,2.1491575241088867
1839,2.024207592010498,2.024207592010498,0.4833333194255829,2.203956365585327
1840,1.9120395183563232,1.9120395183563232,0.5044642686843872,1.977713704109192
1841,2.137836456298828,2.137836456298828,0.4481566846370697,2.220240831375122
1842,2.1062018871307373,2.1062018871307373,0.4642857015132904,2.2001397609710693
1843,1.8647189140319824,1.8647189140319824,0.5187353491783142,2.065920829772949
1844,1.853295922279358,1.853295922279358,0.5201465487480164,2.0242316722869873
1845,1.9006849527359009,1.9006849527359009,0.5068323016166687,2.115858316421509
1846,1.8394821882247925,1.8394821882247925,0.5458220839500427,2.37264084815979
1847,1.7354512214660645,1.7354512214660645,0.5398229956626892,2.0073647499084473
1848,1.851914882659912,1.851914882659912,0.5147783160209656,2.0112974643707275
1849,1.8591766357421875,1.8591766357421875,0.5210772752761841,2.1617472171783447
1850,1.9514604806900024,1.9514604806900024,0.48120301961898804,2.171654462814331
1851,2.1064839363098145,2.1064839363098145,0.4604591727256775,2.3386473655700684
1852,2.102170705795288,2.102170705795288,0.4598214328289032,1.9978324174880981
1853,2.0048904418945312,2.0048904418945312,0.4614512324333191,1.9963034391403198
1854,2.0545661449432373,2.0545661449432373,0.4928571283817291,2.26545786857605
1855,2.1322150230407715,2.1322150230407715,0.4573732614517212,2.3012969493865967
1856,2.020606279373169,2.020606279373169,0.4702380895614624,2.1723926067352295
1857,1.855865716934204,1.855865716934204,0.5102040767669678,1.989044427871704
1858,2.069308042526245,2.069308042526245,0.4720982015132904,2.107957601547241
1859,1.9684609174728394,1.9684609174728394,0.4988839328289032,2.0148441791534424
1860,2.102083444595337,2.102083444595337,0.4618585407733917,2.253383159637451
1861,2.180284023284912,2.180284023284912,0.4587053656578064,2.192197799682617
1862,1.9266210794448853,1.9266210794448853,0.5111607313156128,1.8208791017532349
1863,2.1668195724487305,2.1668195724487305,0.4419642984867096,2.095029830932617
1864,2.109178066253662,2.109178066253662,0.4620535671710968,2.0068819522857666
1865,1.9630553722381592,1.9630553722381592,0.5071428418159485,2.0997250080108643
1866,1.9925205707550049,1.9925205707550049,0.4776785671710968,1.9485188722610474
1867,1.834729790687561,1.834729790687561,0.5111607313156128,1.977766513824463
1868,1.70481538772583,1.70481538772583,0.5679442286491394,1.775316596031189
1869,2.0870444774627686,2.0870444774627686,0.47165533900260925,2.0878796577453613
1870,2.0651509761810303,2.0651509761810303,0.47577640414237976,2.0138967037200928
1871,1.8162972927093506,1.8162972927093506,0.5133928656578064,2.0975964069366455
1872,1.8577733039855957,1.8577733039855957,0.5222088694572449,2.1035451889038086
1873,1.888715147972107,1.888715147972107,0.5167410969734192,1.8769862651824951
1874,2.005066156387329,2.005066156387329,0.47771430015563965,1.9367823600769043
1875,1.821946382522583,1.821946382522583,0.5216836929321289,1.9621490240097046
1876,1.9595955610275269,1.9595955610275269,0.4966517984867096,2.105036735534668
1877,1.8754950761795044,1.8754950761795044,0.515625,1.852759599685669
1878,2.2037124633789062,2.2037124633789062,0.4319460093975067,2.168623685836792
1879,1.9418816566467285,1.9418816566467285,0.5037593841552734,2.118220806121826
1880,1.78278386592865,1.78278386592865,0.5515527725219727,2.130887746810913
1881,1.7050633430480957,1.7050633430480957,0.5752212405204773,2.0641467571258545
1882,1.8062937259674072,1.8062937259674072,0.5267857313156128,1.9588197469711304
1883,2.1365697383880615,2.1365697383880615,0.460067480802536,2.3648018836975098
1884,2.050323724746704,2.050323724746704,0.4821428656578064,2.1750500202178955
1885,2.084995985031128,2.084995985031128,0.4587053656578064,2.032320022583008
1886,1.9060523509979248,1.9060523509979248,0.5133928656578064,1.9212476015090942
1887,1.9467394351959229,1.9467394351959229,0.4810267984867096,1.9368531703948975
1888,1.8621240854263306,1.8621240854263306,0.5234375,2.0215024948120117
1889,1.9401628971099854,1.9401628971099854,0.4871794879436493,2.024963140487671
1890,1.8723831176757812,1.8723831176757812,0.5198412537574768,2.0631306171417236
1891,1.9325693845748901,1.9325693845748901,0.5089285969734192,2.1606414318084717
1892,1.9067126512527466,1.9067126512527466,0.5121293663978577,2.137784719467163
1893,1.8189138174057007,1.8189138174057007,0.5279502868652344,2.013187885284424
1894,1.6759834289550781,1.6759834289550781,0.5826771855354309,1.9310047626495361
1895,1.9856750965118408,1.9856750965118408,0.50956130027771,1.9331752061843872
1896,2.0521299839019775,2.0521299839019775,0.4799107015132904,2.206223726272583
1897,2.2802281379699707,2.2802281379699707,0.42733991146087646,2.450399160385132
1898,1.8852163553237915,1.8852163553237915,0.5122767686843872,2.1122255325317383
1899,2.0078470706939697,2.0078470706939697,0.4754464328289032,2.091649293899536
1900,1.8723951578140259,1.8723951578140259,0.5145089030265808,2.043503522872925
1901,1.9078181982040405,1.9078181982040405,0.5159385800361633,2.0228512287139893
1902,2.0172104835510254,2.0172104835510254,0.4761904776096344,2.1596200466156006
1903,2.0290310382843018,2.0290310382843018,0.4732142984867096,1.9784921407699585
1904,1.7599459886550903,1.7599459886550903,0.5546875,1.8906551599502563
1905,2.197784662246704,2.197784662246704,0.4542124569416046,2.4462804794311523
1906,1.9371881484985352,1.9371881484985352,0.5195954442024231,1.9692089557647705
1907,2.1129753589630127,2.1129753589630127,0.45385587215423584,2.1885828971862793
1908,1.8413112163543701,1.8413112163543701,0.5309336185455322,1.8952844142913818
1909,1.8566224575042725,1.8566224575042725,0.4966517984867096,2.0934674739837646
1910,2.039062023162842,2.039062023162842,0.4754464328289032,2.398221254348755
1911,1.7755707502365112,1.7755707502365112,0.5341615080833435,1.9454954862594604
1912,1.978276014328003,1.978276014328003,0.5046728849411011,2.1396000385284424
1913,2.111997604370117,2.111997604370117,0.44656917452812195,2.0832154750823975
1914,2.8042166233062744,2.8042166233062744,0.5714285969734192,16.446338653564453
1915,2.0413880348205566,2.0413880348205566,0.4508928656578064,1.9148015975952148
1916,1.9838273525238037,1.9838273525238037,0.4878934621810913,2.178640365600586
1917,1.6696668863296509,1.6696668863296509,0.5689001083374023,1.7998048067092896
1918,1.9674203395843506,1.9674203395843506,0.49884793162345886,2.4331939220428467
1919,1.9398425817489624,1.9398425817489624,0.4861751198768616,2.066671133041382
1920,1.8198096752166748,1.8198096752166748,0.5337662100791931,2.0287349224090576
1921,1.8897007703781128,1.8897007703781128,0.5200892686843872,2.1663215160369873
1922,1.8824288845062256,1.8824288845062256,0.5138055086135864,2.0510294437408447
1923,1.8435590267181396,1.8435590267181396,0.5,1.8748235702514648
1924,1.7578266859054565,1.7578266859054565,0.5435267686843872,1.877339482307434
1925,1.7566312551498413,1.7566312551498413,0.5390625,1.908036231994629
1926,1.828426480293274,1.828426480293274,0.5253456234931946,1.899901032447815
1927,2.0374069213867188,2.0374069213867188,0.43233081698417664,2.1456520557403564
1928,1.9575412273406982,1.9575412273406982,0.4765625,2.03426194190979
1929,1.7632468938827515,1.7632468938827515,0.5457589030265808,1.757838487625122
1930,1.6551347970962524,1.6551347970962524,0.5600505471229553,1.8299925327301025
1931,2.007863998413086,2.007863998413086,0.4715549945831299,2.1758346557617188
1932,1.9188191890716553,1.9188191890716553,0.5145089030265808,1.9363305568695068
1933,1.8539398908615112,1.8539398908615112,0.5223214030265808,1.8848427534103394
1934,1.9055231809616089,1.9055231809616089,0.4878934621810913,2.1034817695617676
1935,1.8803272247314453,1.8803272247314453,0.5189732313156128,2.0264899730682373
1936,1.9154472351074219,1.9154472351074219,0.5011160969734192,2.079930067062378
1937,1.7307217121124268,1.7307217121124268,0.5511810779571533,1.8968840837478638
1938,1.9231541156768799,1.9231541156768799,0.5050618648529053,2.0135385990142822
1939,1.7951101064682007,1.7951101064682007,0.5111607313156128,1.840246319770813
1940,1.9253588914871216,1.9253588914871216,0.5145089030265808,2.0707790851593018
1941,1.820335030555725,1.820335030555725,0.5246098637580872,1.8545172214508057
1942,1.8044816255569458,1.8044816255569458,0.5267857313156128,1.9043041467666626
1943,1.8577698469161987,1.8577698469161987,0.5167410969734192,2.1512160301208496
1944,1.9425113201141357,1.9425113201141357,0.4966517984867096,1.9255566596984863
1945,1.9252005815505981,1.9252005815505981,0.5032175183296204,2.017709732055664
1946,2.0152900218963623,2.0152900218963623,0.4698660671710968,2.0751760005950928
1947,1.863793969154358,1.863793969154358,0.5133928656578064,1.8051533699035645
1948,1.8837783336639404,1.8837783336639404,0.5066964030265808,1.9827874898910522
1949,2.117185592651367,2.117185592651367,0.47072598338127136,2.410496711730957
1950,1.912510633468628,1.912510633468628,0.4977678656578064,1.9917678833007812
1951,2.0455257892608643,2.0455257892608643,0.4676339328289032,2.2484405040740967
1952,2.0059738159179688,2.0059738159179688,0.48447203636169434,2.3458189964294434
1953,1.9395524263381958,1.9395524263381958,0.48499399423599243,2.1706957817077637
1954,1.9720839262008667,1.9720839262008667,0.4761904776096344,2.238974094390869
1955,1.7855064868927002,1.7855064868927002,0.5447942018508911,1.9062840938568115
1956,2.1224489212036133,2.1224489212036133,0.47539016604423523,2.3942549228668213
1957,1.7849156856536865,1.7849156856536865,0.5330132246017456,1.9918204545974731
1958,1.9389599561691284,1.9389599561691284,0.4933973550796509,2.272819995880127
1959,1.8892565965652466,1.8892565965652466,0.5022321343421936,1.909807801246643
1960,1.882964849472046,1.882964849472046,0.5155279636383057,2.0880863666534424
1961,1.9312833547592163,1.9312833547592163,0.5078125,2.0724692344665527
1962,2.042573928833008,2.042573928833008,0.4625850319862366,2.113776922225952
1963,1.8542773723602295,1.8542773723602295,0.5488095283508301,2.1943743228912354
1964,2.0441105365753174,2.0441105365753174,0.48840048909187317,2.2031824588775635
1965,2.1317105293273926,2.1317105293273926,0.4344262182712555,2.2490692138671875
1966,1.9044957160949707,1.9044957160949707,0.4930875599384308,2.104295015335083
1967,1.8496655225753784,1.8496655225753784,0.5192546844482422,2.1773252487182617
1968,1.917959213256836,1.917959213256836,0.4854910671710968,1.9916061162948608
1969,1.9209903478622437,1.9209903478622437,0.49142858386039734,2.354144334793091
1970,1.7048534154891968,1.7048534154891968,0.5535714030265808,1.933531641960144
1971,2.0234293937683105,2.0234293937683105,0.4819875657558441,2.606109142303467
1972,1.878901481628418,1.878901481628418,0.5363196134567261,2.3772084712982178
1973,2.009953498840332,2.009953498840332,0.4810267984867096,2.2179784774780273
1974,1.651572823524475,1.651572823524475,0.5750916004180908,2.0106098651885986
1975,1.7476879358291626,1.7476879358291626,0.5562579035758972,1.9736937284469604
1976,1.8857519626617432,1.8857519626617432,0.5122767686843872,2.0680809020996094
1977,1.7530856132507324,1.7530856132507324,0.525916576385498,1.957830786705017
1978,1.7055014371871948,1.7055014371871948,0.5532687902450562,1.9008326530456543
1979,1.9186842441558838,1.9186842441558838,0.53125,2.2289505004882812
1980,1.8563270568847656,1.8563270568847656,0.5208596587181091,2.0162460803985596
1981,1.9191182851791382,1.9191182851791382,0.48571428656578064,2.3970863819122314
1982,2.0483672618865967,2.0483672618865967,0.4330357015132904,2.156343460083008
1983,1.8189164400100708,1.8189164400100708,0.5275689363479614,2.079829216003418
1984,1.5718170404434204,1.5718170404434204,0.5885226130485535,1.843748688697815
1985,1.8954490423202515,1.8954490423202515,0.5170068144798279,2.4120092391967773
1986,2.038700819015503,2.038700819015503,0.4787946343421936,2.1282787322998047
1987,1.7224429845809937,1.7224429845809937,0.5435540080070496,2.082836151123047
1988,1.9123541116714478,1.9123541116714478,0.4966517984867096,2.1233506202697754
1989,1.7735998630523682,1.7735998630523682,0.5145089030265808,1.9256123304367065
1990,1.5678383111953735,1.5678383111953735,0.6040100455284119,1.9563493728637695
1991,1.8381426334381104,1.8381426334381104,0.5223214030265808,1.9750250577926636
1992,2.072343349456787,2.072343349456787,0.4525810182094574,2.1758618354797363
1993,2.1551849842071533,2.1551849842071533,0.4475446343421936,2.367950916290283
1994,2.080639600753784,2.080639600753784,0.4743303656578064,2.3798985481262207
1995,1.867868185043335,1.867868185043335,0.4988839328289032,2.0678157806396484
1996,2.048898458480835,2.048898458480835,0.49862638115882874,2.2732045650482178
1997,2.115969181060791,2.115969181060791,0.4569067358970642,2.439927339553833
1998,1.5937950611114502,1.5937950611114502,0.6011428833007812,1.967301845550537
1999,1.7865217924118042,1.7865217924118042,0.5580357313156128,1.9147597551345825
2000,2.019648790359497,2.019648790359497,0.4743303656578064,2.0197505950927734
2001,1.9065799713134766,1.9065799713134766,0.4956521689891815,2.1012792587280273
2002,1.898036241531372,1.898036241531372,0.5053128600120544,2.1636595726013184
2003,1.961902379989624,1.961902379989624,0.4776785671710968,2.056347131729126
2004,2.154515504837036,2.154515504837036,0.4354838728904724,2.0477135181427
2005,1.8209567070007324,1.8209567070007324,0.5201465487480164,2.030505895614624
2006,1.913127064704895,1.913127064704895,0.5055803656578064,2.0764122009277344
2007,1.9639812707901,1.9639812707901,0.4803149700164795,2.063544988632202
2008,1.9051103591918945,1.9051103591918945,0.5078125,2.063640832901001
2009,1.9168751239776611,1.9168751239776611,0.5066964030265808,2.0804662704467773
2010,1.8908714056015015,1.8908714056015015,0.5246753096580505,2.163940191268921
2011,1.7105867862701416,1.7105867862701416,0.5576441287994385,1.8963414430618286
2012,1.8385082483291626,1.8385082483291626,0.5234375,1.9637739658355713
2013,1.8640278577804565,1.8640278577804565,0.5089285969734192,1.994745135307312
2014,1.9104328155517578,1.9104328155517578,0.5221675038337708,2.228205442428589
2015,1.9319074153900146,1.9319074153900146,0.4910714328289032,2.0432896614074707
2016,1.861096739768982,1.861096739768982,0.5363408327102661,2.253757953643799
2017,1.969960331916809,1.969960331916809,0.49942857027053833,2.1167471408843994
2018,1.8392354249954224,1.8392354249954224,0.5122767686843872,2.0463297367095947
2019,1.9118698835372925,1.9118698835372925,0.5022321343421936,2.1378374099731445
2020,1.8990767002105713,1.8990767002105713,0.5066964030265808,2.0084242820739746
2021,1.8240691423416138,1.8240691423416138,0.5115207433700562,2.137139320373535
2022,2.0293633937835693,2.0293633937835693,0.462184876203537,2.234651803970337
2023,1.8362382650375366,1.8362382650375366,0.5122767686843872,1.918704867362976
2024,1.995556354522705,1.995556354522705,0.5018633604049683,2.19744873046875
2025,2.0979061126708984,2.0979061126708984,0.44285714626312256,2.59663462638855
2026,1.951952338218689,1.951952338218689,0.4649595618247986,2.1329610347747803
2027,1.7714447975158691,1.7714447975158691,0.5328798294067383,2.019362688064575
2028,1.892064094543457,1.892064094543457,0.5159385800361633,2.033360242843628
2029,1.8091082572937012,1.8091082572937012,0.5394285917282104,1.9384921789169312
2030,1.977723240852356,1.977723240852356,0.4732142984867096,1.9665875434875488
2031,1.6893669366836548,1.6893669366836548,0.5445665717124939,1.9624321460723877
2032,1.9465820789337158,1.9465820789337158,0.5028571486473083,2.104572057723999
2033,2.056701183319092,2.056701183319092,0.4720982015132904,2.1131489276885986
2034,1.8718757629394531,1.8718757629394531,0.53125,2.2378602027893066
2035,1.7716764211654663,1.7716764211654663,0.5424107313156128,2.1783249378204346
2036,1.7441174983978271,1.7441174983978271,0.5580357313156128,2.0402307510375977
2037,1.8943464756011963,1.8943464756011963,0.5121065378189087,2.1959638595581055
2038,1.7816258668899536,1.7816258668899536,0.5464852452278137,1.982528805732727
2039,1.7956005334854126,1.7956005334854126,0.5474083423614502,2.015956401824951
2040,1.793781042098999,1.793781042098999,0.5214866399765015,2.0841500759124756
2041,1.7799822092056274,1.7799822092056274,0.5256696343421936,1.9815782308578491
2042,1.7725962400436401,1.7725962400436401,0.546875,1.9393376111984253
2043,1.749109148979187,1.749109148979187,0.5382857322692871,2.154179096221924
2044,2.1575331687927246,2.1575331687927246,0.4453125,2.5140929222106934
2045,1.7770777940750122,1.7770777940750122,0.5301339030265808,2.1324455738067627
2046,1.9529128074645996,1.9529128074645996,0.4848144054412842,2.1716418266296387
2047,1.893845796585083,1.893845796585083,0.49942857027053833,2.198411464691162
2048,1.8945175409317017,1.8945175409317017,0.49876847863197327,2.194416046142578
2049,1.9844688177108765,1.9844688177108765,0.48370927572250366,2.1316444873809814
2050,2.0930776596069336,2.0930776596069336,0.4821428656578064,2.1434662342071533
2051,1.6499366760253906,1.6499366760253906,0.5430932641029358,1.981242060661316
2052,1.8804185390472412,1.8804185390472412,0.5100446343421936,1.8757050037384033
2053,2.0628199577331543,2.0628199577331543,0.4695550203323364,2.290984630584717
2054,2.015774726867676,2.015774726867676,0.4879898726940155,2.3496286869049072
2055,1.8932174444198608,1.8932174444198608,0.5130434632301331,2.075929880142212
2056,1.6886847019195557,1.6886847019195557,0.55222088098526,1.9283466339111328
2057,1.7293367385864258,1.7293367385864258,0.5590550899505615,1.972122073173523
2058,1.7555937767028809,1.7555937767028809,0.5526315569877625,2.194556713104248
2059,1.6059191226959229,1.6059191226959229,0.5680803656578064,1.8991284370422363
2060,1.7573766708374023,1.7573766708374023,0.5459688901901245,2.15061354637146
2061,1.7572129964828491,1.7572129964828491,0.5401785969734192,1.9576857089996338
2062,1.7675546407699585,1.7675546407699585,0.5314285755157471,1.8577457666397095
2063,1.9108235836029053,1.9108235836029053,0.49744898080825806,2.053112506866455
2064,1.9975850582122803,1.9975850582122803,0.4909090995788574,2.317293405532837
2065,2.0162336826324463,2.0162336826324463,0.48184019327163696,2.1310741901397705
2066,1.9054604768753052,1.9054604768753052,0.5205811262130737,2.149289846420288
2067,1.5162074565887451,1.5162074565887451,0.5883014798164368,1.7786228656768799
2068,1.7578555345535278,1.7578555345535278,0.5372405648231506,2.2291576862335205
2069,2.018190383911133,2.018190383911133,0.4899553656578064,2.39335036277771
2070,2.001276731491089,2.001276731491089,0.47783252596855164,2.2586166858673096
2071,2.0491139888763428,2.0491139888763428,0.4539170563220978,2.1654040813446045
2072,1.9451444149017334,1.9451444149017334,0.5037593841552734,2.2389862537384033
2073,1.9353039264678955,1.9353039264678955,0.4906832277774811,2.147444725036621
2074,1.685009241104126,1.685009241104126,0.5760743618011475,2.0547869205474854
2075,1.8062855005264282,1.8062855005264282,0.5285714268684387,2.5496654510498047
2076,1.7330597639083862,1.7330597639083862,0.5294784307479858,2.098673105239868
2077,2.014627695083618,2.014627695083618,0.4765625,2.326767921447754
2078,2.0270395278930664,2.0270395278930664,0.47285714745521545,2.548434019088745
2079,1.7628965377807617,1.7628965377807617,0.5513392686843872,1.9170879125595093
2080,1.5622478723526,1.5622478723526,0.6004645824432373,1.9477964639663696
2081,1.9543800354003906,1.9543800354003906,0.505402147769928,2.2937207221984863
2082,1.9270460605621338,1.9270460605621338,0.4976958632469177,2.0011703968048096
2083,1.9011404514312744,1.9011404514312744,0.5078125,2.0844569206237793
2084,1.9608465433120728,1.9608465433120728,0.5006802678108215,2.337104320526123
2085,2.084897994995117,2.084897994995117,0.4542410671710968,2.3410983085632324
2086,1.7402082681655884,1.7402082681655884,0.545076310634613,2.148749828338623
2087,2.0036470890045166,2.0036470890045166,0.4921875,2.294158935546875
2088,1.8751565217971802,1.8751565217971802,0.494597852230072,2.0897436141967773
2089,1.824820876121521,1.824820876121521,0.5171192288398743,2.1543869972229004
2090,1.7109607458114624,1.7109607458114624,0.5521235466003418,2.170781135559082
2091,1.9543471336364746,1.9543471336364746,0.5036319494247437,1.9808725118637085
2092,1.8777090311050415,1.8777090311050415,0.5047619342803955,2.20266056060791
2093,1.8972638845443726,1.8972638845443726,0.5022321343421936,2.0990042686462402
2094,1.8397971391677856,1.8397971391677856,0.5212053656578064,2.0048956871032715
2095,1.8868091106414795,1.8868091106414795,0.5100446343421936,2.0997493267059326
2096,1.8552483320236206,1.8552483320236206,0.5089285969734192,2.188936948776245
2097,1.9795063734054565,1.9795063734054565,0.4866071343421936,2.1516871452331543
2098,1.9010388851165771,1.9010388851165771,0.4888392984867096,2.1702256202697754
2099,1.8342655897140503,1.8342655897140503,0.5122767686843872,2.0559723377227783
2100,1.8341522216796875,1.8341522216796875,0.5390625,2.021411895751953
2101,1.9020674228668213,1.9020674228668213,0.4910714328289032,2.117643117904663
2102,1.7145805358886719,1.7145805358886719,0.5613839030265808,2.078709602355957
2103,1.6564712524414062,1.6564712524414062,0.562429666519165,1.9792938232421875
2104,1.8540444374084473,1.8540444374084473,0.5047619342803955,2.1078598499298096
2105,1.8866770267486572,1.8866770267486572,0.505402147769928,2.205704689025879
2106,1.992206335067749,1.992206335067749,0.4787946343421936,2.1252427101135254
2107,1.8777788877487183,1.8777788877487183,0.5095238089561462,2.023172378540039
2108,1.8297491073608398,1.8297491073608398,0.514538586139679,2.1291959285736084
2109,2.062791585922241,2.062791585922241,0.4571428596973419,1.9897323846817017
2110,1.9926320314407349,1.9926320314407349,0.4859693944454193,2.4078922271728516
2111,1.830570936203003,1.830570936203003,0.5223214030265808,2.0083870887756348
2112,1.643663763999939,1.643663763999939,0.5487528443336487,1.9469233751296997
2113,1.8350070714950562,1.8350070714950562,0.5322580933570862,1.9515434503555298
2114,2.097797155380249,2.097797155380249,0.4575892984867096,2.1960318088531494
2115,1.7523084878921509,1.7523084878921509,0.5503512620925903,1.937638521194458
2116,1.8404966592788696,1.8404966592788696,0.5193591713905334,2.2192611694335938
2117,1.753409504890442,1.753409504890442,0.5390625,1.9154865741729736
2118,1.87187922000885,1.87187922000885,0.5399515628814697,2.214323043823242
2119,1.8782926797866821,1.8782926797866821,0.5100446343421936,2.244446039199829
2120,1.8687068223953247,1.8687068223953247,0.5145089030265808,2.0603597164154053
2121,1.8608587980270386,1.8608587980270386,0.5180124044418335,2.0693202018737793
2122,1.95838463306427,1.95838463306427,0.4765625,2.272905111312866
2123,1.8387584686279297,1.8387584686279297,0.5202381014823914,2.0887956619262695
2124,2.0261762142181396,2.0261762142181396,0.4810267984867096,2.328185796737671
2125,1.9062988758087158,1.9062988758087158,0.4888392984867096,2.030607223510742
2126,2.137887477874756,2.137887477874756,0.4863945543766022,2.3578736782073975
2127,1.7621750831604004,1.7621750831604004,0.5450180172920227,2.1487905979156494
2128,1.9104015827178955,1.9104015827178955,0.5155279636383057,2.5374643802642822
2129,1.5853824615478516,1.5853824615478516,0.5847457647323608,1.996699571609497
2130,1.5847703218460083,1.5847703218460083,0.5690072774887085,2.0487961769104004
2131,1.9702376127243042,1.9702376127243042,0.4977678656578064,2.40666127204895
2132,1.751320719718933,1.751320719718933,0.5379008650779724,2.203669309616089
2133,2.0484509468078613,2.0484509468078613,0.4685229957103729,2.340385675430298
2134,1.833923101425171,1.833923101425171,0.5267080664634705,2.350552797317505
2135,1.8469982147216797,1.8469982147216797,0.5390625,2.1524503231048584
2136,1.6384400129318237,1.6384400129318237,0.5602678656578064,1.7717829942703247
2137,1.6002533435821533,1.6002533435821533,0.5738916397094727,2.0140252113342285
2138,1.9699816703796387,1.9699816703796387,0.4930467903614044,2.2807536125183105
2139,2.0341708660125732,2.0341708660125732,0.48184019327163696,2.4707224369049072
2140,2.0392370223999023,2.0392370223999023,0.45614033937454224,2.2870047092437744
2141,1.7926877737045288,1.7926877737045288,0.5246098637580872,2.0538065433502197
2142,1.911264419555664,1.911264419555664,0.5167410969734192,2.2722997665405273
2143,1.8688150644302368,1.8688150644302368,0.49938949942588806,2.1148760318756104
2144,2.141660213470459,2.141660213470459,0.4710042476654053,2.653242349624634
2145,1.8700168132781982,1.8700168132781982,0.5189732313156128,2.0432305335998535
2146,1.5696659088134766,1.5696659088134766,0.5829492807388306,1.9361329078674316
2147,1.6624031066894531,1.6624031066894531,0.588850200176239,2.0471792221069336
2148,1.90724778175354,1.90724778175354,0.5100446343421936,2.3288333415985107
2149,1.870625376701355,1.870625376701355,0.49939975142478943,2.2960407733917236
2150,1.9905072450637817,1.9905072450637817,0.4955752193927765,2.100942850112915
2151,1.9695971012115479,1.9695971012115479,0.4821428656578064,2.1075589656829834
2152,1.8081586360931396,1.8081586360931396,0.5145089030265808,2.0608701705932617
2153,1.7285798788070679,1.7285798788070679,0.5412946343421936,1.992936134338379
2154,2.008056640625,2.008056640625,0.4916344881057739,2.4809553623199463
2155,1.838078498840332,1.838078498840332,0.5323660969734192,2.1021063327789307
2156,1.820809006690979,1.820809006690979,0.5212053656578064,2.0719034671783447
2157,1.72356116771698,1.72356116771698,0.5424107313156128,2.21185302734375
2158,1.7387138605117798,1.7387138605117798,0.5324675440788269,1.928390622138977
2159,1.8189505338668823,1.8189505338668823,0.5066964030265808,2.186399459838867
2160,1.8924630880355835,1.8924630880355835,0.5092166066169739,2.1485509872436523
2161,1.7570291757583618,1.7570291757583618,0.5190039277076721,1.981850504875183
2162,1.9111496210098267,1.9111496210098267,0.5135773420333862,2.1111485958099365
2163,1.916108250617981,1.916108250617981,0.4956521689891815,2.1626036167144775
2164,1.9213407039642334,1.9213407039642334,0.5212053656578064,2.100410223007202
2165,1.9025287628173828,1.9025287628173828,0.4982578456401825,2.2611424922943115
2166,1.8194847106933594,1.8194847106933594,0.53125,2.2372496128082275
2167,1.7854102849960327,1.7854102849960327,0.5288220643997192,2.1071815490722656
2168,1.6780719757080078,1.6780719757080078,0.577052891254425,1.979220986366272
2169,2.0004756450653076,2.0004756450653076,0.5,2.2830114364624023
2170,1.801095724105835,1.801095724105835,0.508474588394165,2.0851597785949707
2171,1.8687329292297363,1.8687329292297363,0.5184729099273682,2.2406904697418213
2172,1.727298378944397,1.727298378944397,0.5424107313156128,2.077120542526245
2173,1.9918808937072754,1.9918808937072754,0.4878934621810913,2.187255620956421
2174,1.806383490562439,1.806383490562439,0.49878934025764465,2.0338053703308105
2175,1.747000813484192,1.747000813484192,0.5357142686843872,2.01318621635437
2176,1.822123408317566,1.822123408317566,0.5412946343421936,2.2058115005493164
2177,1.8280125856399536,1.8280125856399536,0.5279017686843872,2.1912972927093506
2178,1.821118712425232,1.821118712425232,0.5385487675666809,2.3206913471221924
2179,1.8891218900680542,1.8891218900680542,0.5046838521957397,2.284958600997925
2180,1.8702425956726074,1.8702425956726074,0.5192743539810181,2.1646389961242676
2181,1.6702346801757812,1.6702346801757812,0.5628078579902649,2.0841476917266846
2182,1.9512245655059814,1.9512245655059814,0.47697755694389343,2.511254072189331
2183,1.9782127141952515,1.9782127141952515,0.4970845580101013,2.5126731395721436
2184,1.784810185432434,1.784810185432434,0.5223214030265808,2.1453144550323486
2185,2.0298192501068115,2.0298192501068115,0.4636803865432739,2.2780935764312744
2186,1.7322454452514648,1.7322454452514648,0.5622857213020325,1.9962141513824463
2187,1.9816588163375854,1.9816588163375854,0.5112782120704651,2.221517324447632
2188,1.8231006860733032,1.8231006860733032,0.515625,2.112592935562134
2189,1.8918800354003906,1.8918800354003906,0.5133928656578064,2.171661853790283
2190,2.1145780086517334,2.1145780086517334,0.45641645789146423,2.4260759353637695
2191,1.8859262466430664,1.8859262466430664,0.4910714328289032,2.083500385284424
2192,1.9111686944961548,1.9111686944961548,0.5078031420707703,2.3086087703704834
2193,1.6292750835418701,1.6292750835418701,0.5625790357589722,2.0313284397125244
2194,1.9176889657974243,1.9176889657974243,0.5078031420707703,2.2139997482299805
2195,1.9447057247161865,1.9447057247161865,0.5055803656578064,2.1824872493743896
2196,1.8388484716415405,1.8388484716415405,0.5147579908370972,2.2535386085510254
2197,1.885856032371521,1.885856032371521,0.514538586139679,2.8107757568359375
2198,1.8191468715667725,1.8191468715667725,0.5234375,2.1175599098205566
2199,2.038731098175049,2.038731098175049,0.4625850319862366,2.2056219577789307
2200,1.6361321210861206,1.6361321210861206,0.5785714387893677,2.0683627128601074
2201,1.8714312314987183,1.8714312314987183,0.5159385800361633,2.32975435256958
2202,2.0937697887420654,2.0937697887420654,0.46649810671806335,2.5957510471343994
2203,1.9850759506225586,1.9850759506225586,0.4693877696990967,2.2132606506347656
2204,1.9441922903060913,1.9441922903060913,0.5017421841621399,2.2084009647369385
2205,1.5649795532226562,1.5649795532226562,0.5948660969734192,2.009045124053955
2206,1.7589938640594482,1.7589938640594482,0.5379464030265808,2.1629350185394287
2207,1.8641347885131836,1.8641347885131836,0.5261324048042297,2.1332828998565674
2208,1.778472661972046,1.778472661972046,0.5189732313156128,2.1836559772491455
2209,1.733215570449829,1.733215570449829,0.5331833362579346,1.9112591743469238
2210,1.5792961120605469,1.5792961120605469,0.578125,1.9660606384277344
2211,1.4705473184585571,1.4705473184585571,0.6071428656578064,1.880362868309021
2212,2.0310447216033936,2.0310447216033936,0.48469388484954834,2.450913906097412
2213,1.8926500082015991,1.8926500082015991,0.515625,2.2553000450134277
2214,1.8602691888809204,1.8602691888809204,0.5315315127372742,2.2254271507263184
2215,1.8637267351150513,1.8637267351150513,0.5329192280769348,2.2184762954711914
2216,1.7183105945587158,1.7183105945587158,0.546875,2.118263006210327
2217,1.8060555458068848,1.8060555458068848,0.5280612111091614,2.314066171646118
2218,2.0141217708587646,2.0141217708587646,0.4809052348136902,2.5452048778533936
2219,1.9985729455947876,1.9985729455947876,0.48645320534706116,2.1641831398010254
2220,1.8119179010391235,1.8119179010391235,0.5316159129142761,2.0393354892730713
2221,1.6481870412826538,1.6481870412826538,0.5545556545257568,2.055515766143799
2222,1.8430554866790771,1.8430554866790771,0.5200892686843872,2.397040843963623
2223,2.075601816177368,2.075601816177368,0.4642857015132904,2.264145851135254
2224,1.8189067840576172,1.8189067840576172,0.5075493454933167,2.1524040699005127
2225,1.788909912109375,1.788909912109375,0.5401785969734192,2.0875089168548584
2226,1.9001096487045288,1.9001096487045288,0.5286935567855835,2.192639112472534
2227,1.7605055570602417,1.7605055570602417,0.5344827771186829,2.2721669673919678
2228,1.7692352533340454,1.7692352533340454,0.5600505471229553,2.191110134124756
2229,1.9094492197036743,1.9094492197036743,0.508474588394165,2.2723867893218994
2230,1.7681946754455566,1.7681946754455566,0.5497449040412903,2.3273894786834717
2231,1.9304195642471313,1.9304195642471313,0.5030525326728821,2.251478433609009
2232,1.8573272228240967,1.8573272228240967,0.5254658460617065,2.3012313842773438
2233,1.7908679246902466,1.7908679246902466,0.5301339030265808,1.9608029127120972
2234,1.6744091510772705,1.6744091510772705,0.5588972568511963,2.1011605262756348
2235,1.8035212755203247,1.8035212755203247,0.5378881692886353,2.3035690784454346
2236,1.8332546949386597,1.8332546949386597,0.5107142925262451,2.172269344329834
2237,1.8142921924591064,1.8142921924591064,0.5,2.175389051437378
2238,1.7414567470550537,1.7414567470550537,0.5455567836761475,2.1608448028564453
2239,1.8161163330078125,1.8161163330078125,0.5167410969734192,1.9768707752227783
2240,1.6523792743682861,1.6523792743682861,0.5527950525283813,2.091862678527832
2241,2.0449233055114746,2.0449233055114746,0.4556650221347809,2.5159711837768555
2242,1.9538525342941284,1.9538525342941284,0.4926884174346924,2.1195485591888428
2243,2.064331531524658,2.064331531524658,0.4680851101875305,2.4719808101654053
2244,1.4968068599700928,1.4968068599700928,0.6049107313156128,1.940155267715454
2245,1.9564160108566284,1.9564160108566284,0.4787946343421936,2.2214162349700928
2246,1.7141401767730713,1.7141401767730713,0.5379464030265808,2.1015279293060303
2247,1.8680500984191895,1.8680500984191895,0.4972527325153351,2.260871648788452
2248,1.6446737051010132,1.6446737051010132,0.5625,1.9845929145812988
2249,1.7913084030151367,1.7913084030151367,0.5180374979972839,2.3755850791931152
2250,1.7644070386886597,1.7644070386886597,0.5233880877494812,2.3236405849456787
2251,1.8073467016220093,1.8073467016220093,0.5145278573036194,2.359746217727661
2252,1.7313342094421387,1.7313342094421387,0.539130449295044,2.1338961124420166
2253,1.7664762735366821,1.7664762735366821,0.545918345451355,2.292818546295166
2254,1.8113224506378174,1.8113224506378174,0.5263158082962036,2.2337069511413574
2255,2.0180153846740723,2.0180153846740723,0.46875,2.441767454147339
2256,1.8948869705200195,1.8948869705200195,0.506157636642456,2.2690110206604004
2257,1.9341037273406982,1.9341037273406982,0.4899553656578064,2.169252872467041
2258,1.966639518737793,1.966639518737793,0.49699878692626953,2.549959421157837
2259,1.850037932395935,1.850037932395935,0.5078125,2.0044820308685303
2260,1.869645357131958,1.869645357131958,0.514018714427948,2.6211442947387695
2261,1.9024428129196167,1.9024428129196167,0.5107458829879761,2.450613021850586
2262,1.8518322706222534,1.8518322706222534,0.5245535969734192,2.243433952331543
2263,1.9083995819091797,1.9083995819091797,0.517241358757019,2.3112053871154785
2264,1.8681011199951172,1.8681011199951172,0.5089285969734192,2.1043508052825928
2265,1.9297641515731812,1.9297641515731812,0.4910714328289032,2.3112356662750244
2266,1.9130475521087646,1.9130475521087646,0.5044642686843872,2.245241403579712
2267,1.8511189222335815,1.8511189222335815,0.5185185074806213,2.361050605773926
2268,1.814276933670044,1.814276933670044,0.5133928656578064,2.199277639389038
2269,1.8629602193832397,1.8629602193832397,0.4921875,2.164400100708008
2270,1.9176870584487915,1.9176870584487915,0.4877232015132904,2.14367938041687
2271,1.8483071327209473,1.8483071327209473,0.5018633604049683,2.2020015716552734
2272,1.9893903732299805,1.9893903732299805,0.4811428487300873,2.2562103271484375
2273,1.7246729135513306,1.7246729135513306,0.5524553656578064,2.043168067932129
2274,1.697615146636963,1.697615146636963,0.5372945666313171,2.1413745880126953
2275,1.8900047540664673,1.8900047540664673,0.5178571343421936,2.1896603107452393
2276,1.8214882612228394,1.8214882612228394,0.515625,2.329110860824585
2277,1.6901670694351196,1.6901670694351196,0.5512009859085083,2.3707051277160645
2278,1.8690550327301025,1.8690550327301025,0.5167410969734192,2.152651786804199
2279,1.7765814065933228,1.7765814065933228,0.5383707284927368,2.2683181762695312
2280,1.8833141326904297,1.8833141326904297,0.5184729099273682,2.323000907897949
2281,1.9314686059951782,1.9314686059951782,0.5090909004211426,2.673689842224121
2282,1.8846895694732666,1.8846895694732666,0.5223214030265808,2.2958643436431885
2283,1.7814886569976807,1.7814886569976807,0.5066964030265808,2.3267552852630615
2284,1.5078260898590088,1.5078260898590088,0.5814732313156128,1.991822361946106
2285,1.5389734506607056,1.5389734506607056,0.5938606858253479,2.020895004272461
2286,1.7536276578903198,1.7536276578903198,0.5279017686843872,2.10042142868042
2287,1.8579200506210327,1.8579200506210327,0.5230024456977844,2.38437819480896
2288,1.7476664781570435,1.7476664781570435,0.5379464030265808,2.233069896697998
2289,1.7593474388122559,1.7593474388122559,0.5506912469863892,2.0292558670043945
2290,1.8031374216079712,1.8031374216079712,0.5526931881904602,2.195720672607422
2291,1.7447245121002197,1.7447245121002197,0.5331833362579346,2.0751731395721436
2292,1.7485146522521973,1.7485146522521973,0.5371900796890259,2.2447855472564697
2293,1.6947581768035889,1.6947581768035889,0.539170503616333,2.1535298824310303
2294,1.945813775062561,1.945813775062561,0.4910714328289032,2.462707996368408
2295,1.6078252792358398,1.6078252792358398,0.5758928656578064,2.1891238689422607
2296,1.6438045501708984,1.6438045501708984,0.5571428537368774,2.179004192352295
2297,1.5604273080825806,1.5604273080825806,0.5778061151504517,2.1019444465637207
2298,2.0270071029663086,2.0270071029663086,0.48341837525367737,2.3881242275238037
2299,1.9229768514633179,1.9229768514633179,0.4765714406967163,2.1899960041046143
2300,1.7552921772003174,1.7552921772003174,0.5245535969734192,2.32926869392395
2301,1.8997524976730347,1.8997524976730347,0.4988839328289032,2.3752782344818115
2302,1.7544206380844116,1.7544206380844116,0.5363196134567261,2.2687478065490723
2303,1.794923186302185,1.794923186302185,0.5368303656578064,2.046579122543335
2304,1.7680772542953491,1.7680772542953491,0.5463659167289734,2.3568711280822754
2305,1.9155851602554321,1.9155851602554321,0.5033482313156128,2.2315356731414795
2306,1.895567536354065,1.895567536354065,0.5115995407104492,2.3687994480133057
2307,1.6416809558868408,1.6416809558868408,0.5702075958251953,2.46175479888916
2308,1.7474106550216675,1.7474106550216675,0.5476190447807312,2.351252794265747
2309,1.9282993078231812,1.9282993078231812,0.4854910671710968,2.191906452178955
2310,1.6414064168930054,1.6414064168930054,0.5513392686843872,2.0911405086517334
2311,1.9091856479644775,1.9091856479644775,0.5,2.2957303524017334
2312,1.782889723777771,1.782889723777771,0.5318245887756348,2.215855360031128
2313,1.7456178665161133,1.7456178665161133,0.5229813456535339,2.066221237182617
2314,1.910849690437317,1.910849690437317,0.5005624294281006,2.2161874771118164
2315,1.9210515022277832,1.9210515022277832,0.517067015171051,2.6487436294555664
2316,1.9684046506881714,1.9684046506881714,0.4944196343421936,2.2329649925231934
2317,1.9780372381210327,1.9780372381210327,0.48944100737571716,2.214263439178467
2318,1.826504111289978,1.826504111289978,0.5140514969825745,2.2241885662078857
2319,1.8312426805496216,1.8312426805496216,0.5334821343421936,2.101573944091797
2320,1.7032781839370728,1.7032781839370728,0.5513392686843872,1.8564484119415283
2321,1.9212985038757324,1.9212985038757324,0.4958677589893341,2.1735973358154297
2322,1.706508755683899,1.706508755683899,0.5260770916938782,1.8748289346694946
2323,1.890979528427124,1.890979528427124,0.5122767686843872,2.3704898357391357
2324,1.9851465225219727,1.9851465225219727,0.46658986806869507,2.1364247798919678
2325,1.7419079542160034,1.7419079542160034,0.5537189841270447,2.175839424133301
2326,1.959227442741394,1.959227442741394,0.4832589328289032,2.3675594329833984
2327,1.9589781761169434,1.9589781761169434,0.5075493454933167,2.348050117492676
2328,1.8203188180923462,1.8203188180923462,0.5357142686843872,2.2983791828155518
2329,1.7989784479141235,1.7989784479141235,0.5357142686843872,2.072096824645996
2330,1.9726186990737915,1.9726186990737915,0.4821428656578064,2.404766082763672
2331,1.8663078546524048,1.8663078546524048,0.5066964030265808,2.2098095417022705
2332,1.7737544775009155,1.7737544775009155,0.5285714268684387,2.353433847427368
2333,1.934775710105896,1.934775710105896,0.4765625,2.248577356338501
2334,1.7049000263214111,1.7049000263214111,0.5528455376625061,2.1714444160461426
2335,1.9894927740097046,1.9894927740097046,0.48072561621665955,2.547086000442505
2336,1.720228672027588,1.720228672027588,0.5485175251960754,2.1397972106933594
2337,1.6382360458374023,1.6382360458374023,0.5535714030265808,2.0998568534851074
2338,1.936082363128662,1.936082363128662,0.5018007159233093,2.2467617988586426
2339,1.7482318878173828,1.7482318878173828,0.5513392686843872,2.268254280090332
2340,1.5576838254928589,1.5576838254928589,0.5800865888595581,2.2010507583618164
2341,1.8448108434677124,1.8448108434677124,0.48739495873451233,2.065152406692505
2342,1.8698400259017944,1.8698400259017944,0.5272727012634277,2.436321258544922
2343,1.8969300985336304,1.8969300985336304,0.508474588394165,2.2933876514434814
2344,1.68559992313385,1.68559992313385,0.5535714030265808,2.084397315979004
2345,1.6881554126739502,1.6881554126739502,0.5492610931396484,2.2386372089385986
2346,1.863690972328186,1.863690972328186,0.5234285593032837,2.2214300632476807
2347,1.6992061138153076,1.6992061138153076,0.5736607313156128,2.0252718925476074
2348,1.7538034915924072,1.7538034915924072,0.5465838313102722,2.165004014968872
2349,1.9495970010757446,1.9495970010757446,0.4897959232330322,2.3159384727478027
2350,1.89113450050354,1.89113450050354,0.5011160969734192,2.3459665775299072
2351,1.9450960159301758,1.9450960159301758,0.48819875717163086,2.372034788131714
2352,2.0422372817993164,2.0422372817993164,0.46764346957206726,2.635247230529785
2353,1.7946840524673462,1.7946840524673462,0.5223214030265808,2.310642719268799
2354,1.805571436882019,1.805571436882019,0.4921875,2.3616533279418945
2355,1.9946913719177246,1.9946913719177246,0.4987468719482422,2.418415069580078
2356,1.8357373476028442,1.8357373476028442,0.5193591713905334,2.313965082168579
2357,1.9377851486206055,1.9377851486206055,0.5120000243186951,2.312422752380371
2358,2.025946617126465,2.025946617126465,0.4631696343421936,2.3673479557037354
2359,1.811205506324768,1.811205506324768,0.5163934230804443,2.4712138175964355
2360,1.8382540941238403,1.8382540941238403,0.5210084319114685,2.6761474609375
2361,1.8119388818740845,1.8119388818740845,0.5401002764701843,3.090604543685913
2362,1.694151759147644,1.694151759147644,0.548931360244751,2.3310940265655518
2363,1.7232072353363037,1.7232072353363037,0.5592185854911804,2.163187026977539
2364,2.062478542327881,2.062478542327881,0.4774114787578583,2.7572550773620605
2365,1.936979055404663,1.936979055404663,0.4987013041973114,2.6718976497650146
2366,1.8770713806152344,1.8770713806152344,0.5048426389694214,2.6573376655578613
2367,2.0116822719573975,2.0116822719573975,0.4866071343421936,2.4661309719085693
2368,1.965373158454895,1.965373158454895,0.4877232015132904,2.557549238204956
2369,1.8355042934417725,1.8355042934417725,0.5038402676582336,2.5307672023773193
2370,1.6887794733047485,1.6887794733047485,0.5532687902450562,2.1241772174835205
2371,1.7173386812210083,1.7173386812210083,0.561904788017273,2.331069231033325
2372,1.9080463647842407,1.9080463647842407,0.5100446343421936,2.2938520908355713
2373,2.010693073272705,2.010693073272705,0.47926267981529236,2.4140288829803467
2374,1.807089924812317,1.807089924812317,0.5302445292472839,2.3892383575439453
2375,1.9468674659729004,1.9468674659729004,0.494047611951828,2.2822940349578857
2376,1.8451712131500244,1.8451712131500244,0.5111607313156128,2.2503950595855713
2377,1.6761982440948486,1.6761982440948486,0.5669642686843872,2.172579288482666
2378,1.8651018142700195,1.8651018142700195,0.5066964030265808,2.2286720275878906
2379,1.876856803894043,1.876856803894043,0.5133565664291382,2.219479560852051
2380,1.73810875415802,1.73810875415802,0.5325814485549927,2.203052043914795
2381,1.9999349117279053,1.9999349117279053,0.4642857015132904,2.379650354385376
2382,1.8484667539596558,1.8484667539596558,0.49709638953208923,2.2358930110931396
2383,2.0916757583618164,2.0916757583618164,0.4665178656578064,2.4970619678497314
2384,1.8676376342773438,1.8676376342773438,0.5089285969734192,2.3201403617858887
2385,1.611615538597107,1.611615538597107,0.5737142562866211,2.2045936584472656
2386,1.7756304740905762,1.7756304740905762,0.5354141592979431,2.2019407749176025
2387,1.753975749015808,1.753975749015808,0.533501923084259,2.1070644855499268
2388,1.6019961833953857,1.6019961833953857,0.5627329349517822,2.025136709213257
2389,1.8196601867675781,1.8196601867675781,0.5292516946792603,2.2435622215270996
2390,1.8283566236495972,1.8283566236495972,0.5098722577095032,2.173074722290039
2391,2.0312864780426025,2.0312864780426025,0.4749373495578766,2.5113677978515625
2392,2.0558643341064453,2.0558643341064453,0.46086955070495605,2.5931601524353027
2393,1.8546028137207031,1.8546028137207031,0.5200501084327698,2.1708569526672363
2394,1.788304328918457,1.788304328918457,0.5498199462890625,2.307070732116699
2395,1.785616397857666,1.785616397857666,0.5372023582458496,2.529845952987671
2396,1.9721933603286743,1.9721933603286743,0.4877232015132904,2.145397663116455
2397,1.7849960327148438,1.7849960327148438,0.5200892686843872,2.1219847202301025
2398,1.7611029148101807,1.7611029148101807,0.5317460298538208,2.2939460277557373
2399,1.907623291015625,1.907623291015625,0.5022321343421936,2.311800479888916
2400,1.9935033321380615,1.9935033321380615,0.484375,2.3818507194519043
2401,1.940755009651184,1.940755009651184,0.4944196343421936,2.513768434524536
2402,1.743873953819275,1.743873953819275,0.5412946343421936,2.121185064315796
2403,1.8601752519607544,1.8601752519607544,0.5044642686843872,2.3182506561279297
2404,1.8078278303146362,1.8078278303146362,0.5089285969734192,2.122314691543579
2405,1.7960078716278076,1.7960078716278076,0.5258620977401733,2.2523252964019775
2406,1.7195919752120972,1.7195919752120972,0.542182207107544,2.179840087890625
2407,1.8430464267730713,1.8430464267730713,0.5044642686843872,2.1459708213806152
2408,1.9185658693313599,1.9185658693313599,0.4966517984867096,2.279181957244873
2409,1.7323216199874878,1.7323216199874878,0.5390625,2.323063611984253
2410,1.8168131113052368,1.8168131113052368,0.5388470888137817,2.5597052574157715
2411,1.683734655380249,1.683734655380249,0.5524553656578064,2.1689226627349854
2412,1.8990720510482788,1.8990720510482788,0.4888392984867096,2.1944003105163574
2413,1.9792956113815308,1.9792956113815308,0.4852216839790344,2.3153512477874756
2414,1.9059990644454956,1.9059990644454956,0.4977678656578064,2.4751968383789062
2415,1.8636488914489746,1.8636488914489746,0.516087532043457,2.4566915035247803
2416,1.982509970664978,1.982509970664978,0.4899553656578064,2.3445026874542236
2417,1.6826741695404053,1.6826741695404053,0.5479910969734192,2.0530178546905518
2418,1.5952609777450562,1.5952609777450562,0.5779221057891846,2.2961559295654297
2419,1.832108974456787,1.832108974456787,0.5224489569664001,2.3888418674468994
2420,1.7754344940185547,1.7754344940185547,0.5479910969734192,2.2087793350219727
2421,1.8009254932403564,1.8009254932403564,0.534828782081604,2.237936496734619
2422,1.753453254699707,1.753453254699707,0.5457589030265808,2.2050368785858154
2423,1.9954315423965454,1.9954315423965454,0.469221830368042,2.516695261001587
2424,1.8115622997283936,1.8115622997283936,0.5256696343421936,2.107192039489746
2425,1.8722648620605469,1.8722648620605469,0.5206611752510071,2.2094547748565674
2426,1.657439947128296,1.657439947128296,0.5602678656578064,1.9988744258880615
2427,1.8756130933761597,1.8756130933761597,0.4877232015132904,2.2203474044799805
2428,1.862589955329895,1.862589955329895,0.5111607313156128,2.0520927906036377
2429,1.796447515487671,1.796447515487671,0.5268571376800537,2.6141531467437744
2430,1.8007760047912598,1.8007760047912598,0.5340136289596558,2.186100721359253
2431,1.8323895931243896,1.8323895931243896,0.5200892686843872,2.205324411392212
2432,1.8998169898986816,1.8998169898986816,0.5203251838684082,2.608673095703125
2433,2.0304548740386963,2.0304548740386963,0.4810744822025299,2.4376296997070312
2434,2.0087902545928955,2.0087902545928955,0.47261905670166016,2.3872179985046387
2435,1.8093760013580322,1.8093760013580322,0.5145089030265808,2.348003625869751
2436,1.7599947452545166,1.7599947452545166,0.5368421077728271,2.768334150314331
2437,1.754380464553833,1.754380464553833,0.5271807909011841,2.4135940074920654
2438,1.3979583978652954,1.3979583978652954,0.6363636255264282,2.139875888824463
2439,1.605952262878418,1.605952262878418,0.578454315662384,2.1386444568634033
2440,1.8504385948181152,1.8504385948181152,0.4869047701358795,2.3023934364318848
2441,1.811058759689331,1.811058759689331,0.518796980381012,2.214790105819702
2442,1.7936784029006958,1.7936784029006958,0.533577561378479,2.2052295207977295
2443,2.0744025707244873,2.0744025707244873,0.45858344435691833,2.5890285968780518
2444,2.0741567611694336,2.0741567611694336,0.47985348105430603,2.4760870933532715
2445,1.7701432704925537,1.7701432704925537,0.5457589030265808,2.4078423976898193
2446,1.8258029222488403,1.8258029222488403,0.5167410969734192,2.3172566890716553
2447,1.9410982131958008,1.9410982131958008,0.495157390832901,2.7116873264312744
2448,1.7201118469238281,1.7201118469238281,0.5178571343421936,2.1181464195251465
2449,1.7341817617416382,1.7341817617416382,0.5523059368133545,2.3917675018310547
2450,1.7163125276565552,1.7163125276565552,0.5336927175521851,2.2946953773498535
2451,1.9048007726669312,1.9048007726669312,0.4965437650680542,2.622220993041992
2452,1.6668096780776978,1.6668096780776978,0.5569196343421936,2.201273202896118
2453,1.8648227453231812,1.8648227453231812,0.5055803656578064,2.420718193054199
2454,1.721204161643982,1.721204161643982,0.5323660969734192,2.2523391246795654
2455,1.75168776512146,1.75168776512146,0.5426170229911804,2.099769115447998
2456,1.8336855173110962,1.8336855173110962,0.5122767686843872,2.2817375659942627
2457,1.8577640056610107,1.8577640056610107,0.5097143054008484,2.2441649436950684
2458,2.062821865081787,2.062821865081787,0.46740639209747314,2.7266042232513428
2459,1.7839819192886353,1.7839819192886353,0.5419126152992249,2.161036729812622
2460,1.736603856086731,1.736603856086731,0.5508474707603455,2.301774024963379
2461,1.8311487436294556,1.8311487436294556,0.5140514969825745,2.3800246715545654
2462,1.8207509517669678,1.8207509517669678,0.5264977216720581,2.2859625816345215
2463,1.9148091077804565,1.9148091077804565,0.49593496322631836,2.333603620529175
2464,1.9319459199905396,1.9319459199905396,0.5037593841552734,2.3584020137786865
2465,1.9155627489089966,1.9155627489089966,0.5124716758728027,2.517900228500366
2466,1.9941846132278442,1.9941846132278442,0.4811428487300873,2.556670665740967
2467,1.7962646484375,1.7962646484375,0.552955687046051,2.4843015670776367
2468,1.8405003547668457,1.8405003547668457,0.50948166847229,2.413714647293091
2469,1.7859898805618286,1.7859898805618286,0.5284552574157715,2.3028199672698975
2470,1.7958816289901733,1.7958816289901733,0.539130449295044,2.335862159729004
2471,1.7117090225219727,1.7117090225219727,0.5615763664245605,2.3250081539154053
2472,1.8451752662658691,1.8451752662658691,0.5076530575752258,2.407860040664673
2473,1.839142918586731,1.839142918586731,0.53125,2.099691867828369
2474,1.8326386213302612,1.8326386213302612,0.5267857313156128,2.362065076828003
2475,1.784229040145874,1.784229040145874,0.5189732313156128,2.1936378479003906
2476,1.9218376874923706,1.9218376874923706,0.4977678656578064,2.342153549194336
2477,1.858587622642517,1.858587622642517,0.5114045739173889,2.347990036010742
2478,1.8719050884246826,1.8719050884246826,0.4909296929836273,2.177706480026245
2479,2.021998643875122,2.021998643875122,0.47461628913879395,2.6547110080718994
2480,2.0087108612060547,2.0087108612060547,0.4753004014492035,2.575547218322754
2481,1.671094298362732,1.671094298362732,0.5538846850395203,2.199552297592163
2482,1.6733359098434448,1.6733359098434448,0.5661375522613525,2.3675971031188965
2483,1.738505244255066,1.738505244255066,0.5479910969734192,2.0664680004119873
2484,1.8681596517562866,1.8681596517562866,0.4955357015132904,2.1742241382598877
2485,1.553681492805481,1.553681492805481,0.5837053656578064,2.1402385234832764
2486,1.856684684753418,1.856684684753418,0.5094339847564697,2.5953710079193115
2487,1.635204553604126,1.635204553604126,0.5714285969734192,2.2427258491516113
2488,1.694528341293335,1.694528341293335,0.5495391488075256,2.3775267601013184
2489,1.770644187927246,1.770644187927246,0.5242130756378174,2.198692560195923
2490,1.7987494468688965,1.7987494468688965,0.5249999761581421,2.3258442878723145
2491,1.880677342414856,1.880677342414856,0.5163826942443848,2.527820348739624
2492,1.9724065065383911,1.9724065065383911,0.48459383845329285,2.565293550491333
2493,1.8601596355438232,1.8601596355438232,0.5030525326728821,2.2190842628479004
2494,1.8980507850646973,1.8980507850646973,0.5121065378189087,2.4122800827026367
2495,1.7716493606567383,1.7716493606567383,0.5369047522544861,2.440099000930786
2496,1.7651633024215698,1.7651633024215698,0.53125,2.2648489475250244
2497,1.8199392557144165,1.8199392557144165,0.5290178656578064,2.3831894397735596
2498,1.4561212062835693,1.4561212062835693,0.6138392686843872,1.998531699180603
2499,1.774584412574768,1.774584412574768,0.546875,2.359537363052368
2500,1.7477567195892334,1.7477567195892334,0.5479910969734192,2.170743227005005
2501,1.712575078010559,1.712575078010559,0.5579975843429565,2.5012753009796143
2502,1.6916998624801636,1.6916998624801636,0.5714285969734192,2.595822811126709
2503,2.0763168334960938,2.0763168334960938,0.45604395866394043,2.742072820663452
2504,1.931923270225525,1.931923270225525,0.5035128593444824,2.5844690799713135
2505,1.8118566274642944,1.8118566274642944,0.5288018584251404,2.4908313751220703
2506,1.9328324794769287,1.9328324794769287,0.5011160969734192,2.569147825241089
2507,1.9476250410079956,1.9476250410079956,0.4899553656578064,2.2653448581695557
2508,1.7459322214126587,1.7459322214126587,0.5390625,2.2935826778411865
2509,1.8448225259780884,1.8448225259780884,0.5234375,2.5304043292999268
2510,1.61131751537323,1.61131751537323,0.5714285969734192,2.2422900199890137
2511,2.067192316055298,2.067192316055298,0.4832589328289032,2.63256573677063
2512,1.5548641681671143,1.5548641681671143,0.5859375,1.976929783821106
2513,1.7508505582809448,1.7508505582809448,0.5458768606185913,2.313992738723755
2514,1.7045985460281372,1.7045985460281372,0.5424107313156128,2.100262403488159
2515,1.9154460430145264,1.9154460430145264,0.5048426389694214,2.6046741008758545
2516,1.7883650064468384,1.7883650064468384,0.5302857160568237,2.4040541648864746
2517,1.7816894054412842,1.7816894054412842,0.5354239344596863,2.259117603302002
2518,1.7975696325302124,1.7975696325302124,0.5390625,2.2042484283447266
2519,1.8193424940109253,1.8193424940109253,0.534045398235321,2.5724740028381348
2520,1.7524863481521606,1.7524863481521606,0.5167410969734192,2.147873878479004
2521,1.8931878805160522,1.8931878805160522,0.49539169669151306,2.3777835369110107
2522,1.7891523838043213,1.7891523838043213,0.5185185074806213,2.429668426513672
2523,1.8613358736038208,1.8613358736038208,0.5102040767669678,2.372246026992798
2524,1.829959511756897,1.829959511756897,0.5022321343421936,2.1775646209716797
2525,1.8387762308120728,1.8387762308120728,0.5078125,2.203504800796509
2526,1.8292819261550903,1.8292819261550903,0.5189255475997925,2.5770204067230225
2527,1.787631869316101,1.787631869316101,0.5178571343421936,2.8978383541107178
2528,1.7479215860366821,1.7479215860366821,0.5562579035758972,2.2758030891418457
2529,1.7448344230651855,1.7448344230651855,0.524571418762207,2.191391706466675
2530,1.6684191226959229,1.6684191226959229,0.5479910969734192,2.1104793548583984
2531,1.564234972000122,1.564234972000122,0.5975056886672974,1.9272785186767578
2532,1.747004747390747,1.747004747390747,0.5392857193946838,2.2950737476348877
2533,1.9009233713150024,1.9009233713150024,0.5056890249252319,2.621837615966797
2534,1.726447343826294,1.726447343826294,0.5418719053268433,2.2283239364624023
2535,1.9211533069610596,1.9211533069610596,0.5052264928817749,2.240445375442505
2536,1.874038577079773,1.874038577079773,0.521541953086853,2.2250874042510986
2537,1.7817621231079102,1.7817621231079102,0.5438596606254578,2.388667583465576
2538,1.5116071701049805,1.5116071701049805,0.593307614326477,2.1699538230895996
2539,1.7357778549194336,1.7357778549194336,0.5513392686843872,2.1793854236602783
2540,1.7468225955963135,1.7468225955963135,0.5304449796676636,2.209660053253174
2541,1.7716751098632812,1.7716751098632812,0.5403726696968079,2.3070530891418457
2542,1.948982834815979,1.948982834815979,0.4676339328289032,2.3670778274536133
2543,1.7216891050338745,1.7216891050338745,0.53125,2.242349863052368
2544,1.8444575071334839,1.8444575071334839,0.5267080664634705,2.5441572666168213
2545,1.575613021850586,1.575613021850586,0.5714285969734192,2.0944812297821045
2546,1.7861632108688354,1.7861632108688354,0.5201465487480164,2.3896729946136475
2547,1.6935880184173584,1.6935880184173584,0.5323660969734192,2.073557138442993
2548,1.7665237188339233,1.7665237188339233,0.5267857313156128,2.2809805870056152
2549,1.7234922647476196,1.7234922647476196,0.5421245694160461,2.300295352935791
2550,1.777563214302063,1.777563214302063,0.5234375,2.1305651664733887
2551,1.8500357866287231,1.8500357866287231,0.515625,2.281402111053467
2552,1.9084962606430054,1.9084962606430054,0.4642857015132904,5.6090240478515625
2553,1.6310644149780273,1.6310644149780273,0.581032395362854,2.1866908073425293
2554,1.7721742391586304,1.7721742391586304,0.5369047522544861,2.2675983905792236
2555,1.8028974533081055,1.8028974533081055,0.5121951103210449,2.321925163269043
2556,1.6877164840698242,1.6877164840698242,0.5554187297821045,2.08925199508667
2557,1.7332719564437866,1.7332719564437866,0.5446428656578064,2.136557102203369
2558,1.8412535190582275,1.8412535190582275,0.5062857270240784,2.2696733474731445
2559,2.053880214691162,2.053880214691162,0.4620535671710968,2.4262442588806152
2560,1.6631735563278198,1.6631735563278198,0.5517693161964417,2.359684467315674
2561,1.7639621496200562,1.7639621496200562,0.5379464030265808,2.2307660579681396
2562,1.829128384590149,1.829128384590149,0.5152224898338318,2.3473925590515137
2563,1.900220513343811,1.900220513343811,0.5078125,2.1926915645599365
2564,1.7438366413116455,1.7438366413116455,0.5454545617103577,2.293856382369995
2565,1.7927570343017578,1.7927570343017578,0.53125,2.3302481174468994
2566,1.7608795166015625,1.7608795166015625,0.5457589030265808,2.490572929382324
2567,1.8943068981170654,1.8943068981170654,0.5190039277076721,2.5556888580322266
2568,1.6790002584457397,1.6790002584457397,0.5390625,2.0549209117889404
2569,1.7213873863220215,1.7213873863220215,0.5409836173057556,2.261749744415283
2570,1.8430955410003662,1.8430955410003662,0.4955357015132904,2.242300033569336
2571,1.8920783996582031,1.8920783996582031,0.4665178656578064,2.3130624294281006
2572,1.837078332901001,1.837078332901001,0.5212053656578064,2.2729756832122803
2573,1.6117618083953857,1.6117618083953857,0.5727513432502747,2.2687978744506836
2574,1.7163835763931274,1.7163835763931274,0.5412946343421936,2.1600594520568848
2575,1.6987470388412476,1.6987470388412476,0.5513392686843872,2.429069757461548
2576,1.7384281158447266,1.7384281158447266,0.5200892686843872,2.149704694747925
2577,1.9036437273025513,1.9036437273025513,0.5111607313156128,2.3954861164093018
2578,1.8210617303848267,1.8210617303848267,0.5234375,2.204657554626465
2579,1.640389084815979,1.640389084815979,0.5658482313156128,2.0397753715515137
2580,1.8025704622268677,1.8025704622268677,0.5028571486473083,2.525178909301758
2581,1.8472306728363037,1.8472306728363037,0.5098722577095032,2.4336183071136475
2582,1.9873826503753662,1.9873826503753662,0.4761904776096344,2.3565380573272705
2583,1.783355474472046,1.783355474472046,0.5159385800361633,2.4773049354553223
2584,1.699259877204895,1.699259877204895,0.5535714030265808,2.3198277950286865
2585,1.6454122066497803,1.6454122066497803,0.5595238208770752,2.2544682025909424
2586,1.6967391967773438,1.6967391967773438,0.5741239786148071,2.5360641479492188
2587,1.7164102792739868,1.7164102792739868,0.5301339030265808,2.195465087890625
2588,1.9209325313568115,1.9209325313568115,0.4899553656578064,2.420856237411499
2589,1.7035810947418213,1.7035810947418213,0.563265323638916,2.4076454639434814
2590,1.8952069282531738,1.8952069282531738,0.5052264928817749,2.57108473777771
2591,1.6053575277328491,1.6053575277328491,0.5859375,2.1973202228546143
2592,1.765249252319336,1.765249252319336,0.5390625,2.374856948852539
2593,1.5212689638137817,1.5212689638137817,0.6071428656578064,2.089073419570923
2594,1.5391016006469727,1.5391016006469727,0.5886699557304382,2.216702938079834
2595,1.485032320022583,1.485032320022583,0.6151121854782104,2.2242507934570312
2596,1.9343215227127075,1.9343215227127075,0.4933035671710968,2.3993849754333496
2597,1.6962366104125977,1.6962366104125977,0.5663716793060303,2.4628963470458984
2598,1.7292722463607788,1.7292722463607788,0.5394088625907898,2.2764551639556885
2599,1.8397940397262573,1.8397940397262573,0.5137844681739807,2.356693744659424
2600,1.8429852724075317,1.8429852724075317,0.5142857432365417,2.3759098052978516
2601,1.837733268737793,1.837733268737793,0.5171192288398743,2.506895065307617
2602,1.8049736022949219,1.8049736022949219,0.5442177057266235,2.259310007095337
2603,1.666938304901123,1.666938304901123,0.5342857241630554,2.458533763885498
2604,1.906813383102417,1.906813383102417,0.4939209818840027,2.6829562187194824
2605,1.691119909286499,1.691119909286499,0.5435267686843872,2.359015941619873
2606,2.0225868225097656,2.0225868225097656,0.4673123359680176,2.636019229888916
2607,1.8331793546676636,1.8331793546676636,0.5200892686843872,2.572258472442627
2608,1.8063493967056274,1.8063493967056274,0.5274725556373596,2.338791608810425
2609,1.7377601861953735,1.7377601861953735,0.5540372729301453,2.339818000793457
2610,1.9433213472366333,1.9433213472366333,0.4944099485874176,2.718656301498413
2611,1.7510961294174194,1.7510961294174194,0.5567423105239868,2.4836323261260986
2612,1.545873761177063,1.545873761177063,0.5800492763519287,2.2734110355377197
2613,1.780989646911621,1.780989646911621,0.5379464030265808,2.3847968578338623
2614,1.932107925415039,1.932107925415039,0.5006211400032043,2.5867273807525635
2615,1.6005977392196655,1.6005977392196655,0.5770975351333618,2.227846622467041
2616,1.7679182291030884,1.7679182291030884,0.5268571376800537,2.278064727783203
2617,1.7617520093917847,1.7617520093917847,0.5357142686843872,2.299513339996338
2618,1.7289866209030151,1.7289866209030151,0.5470383167266846,2.3733484745025635
2619,1.688114047050476,1.688114047050476,0.5558035969734192,2.0405094623565674
2620,1.9157085418701172,1.9157085418701172,0.4899553656578064,2.407435417175293
2621,1.692392110824585,1.692392110824585,0.5587557554244995,2.1999480724334717
2622,1.6118324995040894,1.6118324995040894,0.5602678656578064,2.083482265472412
2623,1.6207529306411743,1.6207529306411743,0.5725446343421936,2.2958827018737793
2624,1.6102374792099,1.6102374792099,0.5703125,2.2716333866119385
2625,1.9225218296051025,1.9225218296051025,0.4749999940395355,2.484931230545044
2626,1.6698485612869263,1.6698485612869263,0.5568053722381592,2.220510959625244
2627,1.6701499223709106,1.6701499223709106,0.5689865946769714,2.5118765830993652
2628,1.7318313121795654,1.7318313121795654,0.5334821343421936,2.2064340114593506
2629,1.8762482404708862,1.8762482404708862,0.5066964030265808,2.309229850769043
2630,1.6803114414215088,1.6803114414215088,0.5485714077949524,2.108035087585449
2631,1.9285671710968018,1.9285671710968018,0.4955357015132904,2.4549779891967773
2632,1.7887051105499268,1.7887051105499268,0.5108959078788757,2.3457157611846924
2633,1.7580293416976929,1.7580293416976929,0.5301339030265808,2.3240017890930176
2634,1.6402982473373413,1.6402982473373413,0.548872172832489,2.4376461505889893
2635,1.6982311010360718,1.6982311010360718,0.5479910969734192,2.2615654468536377
2636,1.6617565155029297,1.6617565155029297,0.5714285969734192,2.3907113075256348
2637,1.8099043369293213,1.8099043369293213,0.5401785969734192,2.4324655532836914
2638,1.7061494588851929,1.7061494588851929,0.5467532277107239,2.3144545555114746
2639,1.8805315494537354,1.8805315494537354,0.4954954981803894,2.6959972381591797
2640,1.7992910146713257,1.7992910146713257,0.5208098888397217,2.2140049934387207
2641,1.6758779287338257,1.6758779287338257,0.5591517686843872,2.129218101501465
2642,1.7807670831680298,1.7807670831680298,0.5414746403694153,2.3097100257873535
2643,1.939671516418457,1.939671516418457,0.4765625,2.5155622959136963
2644,1.8287770748138428,1.8287770748138428,0.5249999761581421,2.308926820755005
2645,1.7728415727615356,1.7728415727615356,0.5342857241630554,2.654924154281616
2646,1.765036702156067,1.765036702156067,0.5308123230934143,2.697077989578247
2647,1.6857115030288696,1.6857115030288696,0.553410530090332,2.479388952255249
2648,1.6642982959747314,1.6642982959747314,0.5703125,2.2610905170440674
2649,1.8822489976882935,1.8822489976882935,0.5174069404602051,2.6976053714752197
2650,1.8219273090362549,1.8219273090362549,0.5050618648529053,2.2858142852783203
2651,1.8574399948120117,1.8574399948120117,0.5051020383834839,2.6543080806732178
2652,1.6758921146392822,1.6758921146392822,0.544496476650238,2.2257771492004395
2653,1.8844281435012817,1.8844281435012817,0.5122767686843872,2.479403257369995
2654,1.748037576675415,1.748037576675415,0.5226480960845947,2.366240978240967
2655,1.6458548307418823,1.6458548307418823,0.577235758304596,2.3660993576049805
2656,1.663272500038147,1.663272500038147,0.5602678656578064,2.269909620285034
2657,1.572314977645874,1.572314977645874,0.5848214030265808,2.1388468742370605
2658,1.9648693799972534,1.9648693799972534,0.4899553656578064,2.6122043132781982
2659,1.7820619344711304,1.7820619344711304,0.517241358757019,3.002305746078491
2660,1.5998278856277466,1.5998278856277466,0.572857141494751,2.6971089839935303
2661,1.5528327226638794,1.5528327226638794,0.578125,2.1327452659606934
2662,1.8391779661178589,1.8391779661178589,0.4968394339084625,2.430119514465332
2663,2.009930372238159,2.009930372238159,0.46578630805015564,2.6017000675201416
2664,1.719393014907837,1.719393014907837,0.5387409329414368,2.1925103664398193
2665,1.8499068021774292,1.8499068021774292,0.5033482313156128,2.5990142822265625
2666,1.5891371965408325,1.5891371965408325,0.5600000023841858,2.31380033493042
2667,1.873471975326538,1.873471975326538,0.5299145579338074,2.4071850776672363
2668,1.681386947631836,1.681386947631836,0.5604395866394043,2.6398630142211914
2669,1.7325704097747803,1.7325704097747803,0.5502232313156128,2.2646219730377197
2670,1.7322499752044678,1.7322499752044678,0.5457589030265808,2.194197654724121
2671,1.7946842908859253,1.7946842908859253,0.5291428565979004,2.47975492477417
2672,1.8772672414779663,1.8772672414779663,0.5089285969734192,2.3443987369537354
2673,1.6417135000228882,1.6417135000228882,0.5602678656578064,2.344925880432129
2674,1.9726614952087402,1.9726614952087402,0.4897959232330322,2.801953077316284
2675,1.8156689405441284,1.8156689405441284,0.5371900796890259,2.469064950942993
2676,1.6842577457427979,1.6842577457427979,0.5714285969734192,2.2866580486297607
2677,1.8900877237319946,1.8900877237319946,0.49292150139808655,2.5943901538848877
2678,1.6896162033081055,1.6896162033081055,0.5491803288459778,2.2827563285827637
2679,1.7587430477142334,1.7587430477142334,0.5245535969734192,2.284881830215454
2680,1.8726905584335327,1.8726905584335327,0.510538637638092,2.563185691833496
2681,1.99407958984375,1.99407958984375,0.4736842215061188,2.735779285430908
2682,1.7196191549301147,1.7196191549301147,0.553410530090332,2.3079121112823486
2683,1.7061089277267456,1.7061089277267456,0.5354141592979431,2.489380121231079
2684,1.8302545547485352,1.8302545547485352,0.515625,2.3250980377197266
2685,1.627196192741394,1.627196192741394,0.5602678656578064,2.2696800231933594
2686,1.7026844024658203,1.7026844024658203,0.5699708461761475,2.7663955688476562
2687,1.705594778060913,1.705594778060913,0.5487805008888245,3.122770309448242
2688,2.0338962078094482,2.0338962078094482,0.4810744822025299,2.6225686073303223
2689,1.6642570495605469,1.6642570495605469,0.5613839030265808,2.3822412490844727
2690,1.8247747421264648,1.8247747421264648,0.5258103013038635,2.2375035285949707
2691,1.761589765548706,1.761589765548706,0.5100446343421936,2.2581005096435547
2692,1.8275483846664429,1.8275483846664429,0.5281782150268555,2.502532720565796
2693,1.8301818370819092,1.8301818370819092,0.5047619342803955,2.7003657817840576
2694,1.470856785774231,1.470856785774231,0.6190476417541504,2.2063515186309814
2695,1.7035177946090698,1.7035177946090698,0.5368303656578064,2.1049447059631348
2696,1.6715458631515503,1.6715458631515503,0.5502232313156128,2.2626142501831055
2697,1.6439249515533447,1.6439249515533447,0.5410872101783752,2.2982027530670166
2698,1.687508463859558,1.687508463859558,0.5647321343421936,2.1285476684570312
2699,1.8334975242614746,1.8334975242614746,0.5174069404602051,2.4122042655944824
2700,1.7299021482467651,1.7299021482467651,0.5566037893295288,2.632225275039673
2701,1.7796257734298706,1.7796257734298706,0.5055803656578064,2.325604200363159
2702,1.8626652956008911,1.8626652956008911,0.5089285969734192,2.362539529800415
2703,1.7177281379699707,1.7177281379699707,0.5374706983566284,2.3442797660827637
2704,1.764236569404602,1.764236569404602,0.5310245156288147,2.5583794116973877
2705,1.6329270601272583,1.6329270601272583,0.5563187003135681,2.4057600498199463
2706,1.630494236946106,1.630494236946106,0.5736607313156128,2.207087755203247
2707,1.5667957067489624,1.5667957067489624,0.578125,2.1345858573913574
2708,1.7033376693725586,1.7033376693725586,0.5502232313156128,2.5172855854034424
2709,1.8774014711380005,1.8774014711380005,0.49394673109054565,2.7051503658294678
2710,1.8012698888778687,1.8012698888778687,0.5184729099273682,2.53166127204895
2711,1.731019139289856,1.731019139289856,0.5275590419769287,2.488621473312378
2712,1.8554214239120483,1.8554214239120483,0.50956130027771,2.4787187576293945
2713,1.5313202142715454,1.5313202142715454,0.583234965801239,2.1566808223724365
2714,1.6295040845870972,1.6295040845870972,0.5602678656578064,2.3887009620666504
2715,1.821955680847168,1.821955680847168,0.5157384872436523,2.46736216545105
2716,1.7531858682632446,1.7531858682632446,0.5345982313156128,2.4466238021850586
2717,1.8719528913497925,1.8719528913497925,0.5044642686843872,2.4999353885650635
2718,1.7537753582000732,1.7537753582000732,0.5324675440788269,2.354445219039917
2719,1.6777371168136597,1.6777371168136597,0.5614035129547119,2.5022644996643066
2720,1.8447840213775635,1.8447840213775635,0.5078031420707703,2.543886184692383
2721,1.6151814460754395,1.6151814460754395,0.5664160251617432,2.3479843139648438
2722,1.7263638973236084,1.7263638973236084,0.5558035969734192,2.3951025009155273
2723,1.8408684730529785,1.8408684730529785,0.4921968877315521,2.421909809112549
2724,1.656764030456543,1.656764030456543,0.5602484345436096,2.44148588180542
2725,1.6932092905044556,1.6932092905044556,0.5519999861717224,2.271136522293091
2726,1.7713526487350464,1.7713526487350464,0.5338345766067505,2.3662807941436768
2727,1.7648820877075195,1.7648820877075195,0.5338982939720154,2.3592183589935303
2728,1.9013817310333252,1.9013817310333252,0.49942857027053833,2.616366386413574
2729,1.728063702583313,1.728063702583313,0.5515527725219727,2.4582245349884033
2730,1.782663345336914,1.782663345336914,0.5187353491783142,2.24259877204895
2731,1.777538776397705,1.777538776397705,0.5199335813522339,2.923572301864624
2732,1.801178216934204,1.801178216934204,0.5253456234931946,2.2917253971099854
2733,1.7730849981307983,1.7730849981307983,0.515625,2.385265350341797
2734,1.764743447303772,1.764743447303772,0.523809552192688,2.3565399646759033
2735,1.7714917659759521,1.7714917659759521,0.53125,2.484311103820801
2736,1.759631872177124,1.759631872177124,0.5267080664634705,2.3959295749664307
2737,1.8023312091827393,1.8023312091827393,0.5128205418586731,2.5736587047576904
2738,1.6231430768966675,1.6231430768966675,0.5892857313156128,2.300839900970459
2739,1.8346773386001587,1.8346773386001587,0.5145089030265808,2.5745317935943604
2740,1.6137131452560425,1.6137131452560425,0.5680803656578064,2.758280038833618
2741,1.8407886028289795,1.8407886028289795,0.5089285969734192,2.571040153503418
2742,1.7553985118865967,1.7553985118865967,0.5223214030265808,2.3218042850494385
2743,1.6446741819381714,1.6446741819381714,0.5625790357589722,2.2917511463165283
2744,1.5287891626358032,1.5287891626358032,0.5873016119003296,2.2755117416381836
2745,1.6025562286376953,1.6025562286376953,0.578125,2.2534897327423096
2746,1.7795944213867188,1.7795944213867188,0.5334821343421936,2.366055488586426
2747,1.8213727474212646,1.8213727474212646,0.5279502868652344,2.575580596923828
2748,1.8903923034667969,1.8903923034667969,0.491782546043396,2.621183395385742
2749,1.6385276317596436,1.6385276317596436,0.5774818658828735,2.4787912368774414
2750,1.6572860479354858,1.6572860479354858,0.5513577461242676,2.3760294914245605
2751,1.7105674743652344,1.7105674743652344,0.5458768606185913,2.3780174255371094
2752,1.743599772453308,1.743599772453308,0.5491071343421936,2.391413450241089
2753,1.6513150930404663,1.6513150930404663,0.5580357313156128,2.3324034214019775
2754,1.7311947345733643,1.7311947345733643,0.5579515099525452,2.5417327880859375
2755,1.673150658607483,1.673150658607483,0.5737327337265015,2.3128724098205566
2756,1.8135120868682861,1.8135120868682861,0.5189732313156128,2.5620031356811523
2757,1.5841999053955078,1.5841999053955078,0.5929705500602722,2.260654926300049
2758,1.8111846446990967,1.8111846446990967,0.516581654548645,2.7224485874176025
2759,1.827759861946106,1.827759861946106,0.5331369638442993,2.700201988220215
2760,1.782175064086914,1.782175064086914,0.5223214030265808,2.283170461654663
2761,1.7719638347625732,1.7719638347625732,0.508217453956604,2.6077890396118164
2762,1.6376092433929443,1.6376092433929443,0.5535714030265808,2.3348278999328613
2763,1.6240183115005493,1.6240183115005493,0.5858343243598938,2.5404443740844727
2764,1.6845792531967163,1.6845792531967163,0.5591517686843872,2.5409059524536133
2765,1.7457637786865234,1.7457637786865234,0.5392535328865051,2.4627068042755127
2766,1.7137919664382935,1.7137919664382935,0.5418275594711304,2.57462215423584
2767,1.8244647979736328,1.8244647979736328,0.527999997138977,2.4325544834136963
2768,1.6746330261230469,1.6746330261230469,0.5613839030265808,2.421435832977295
2769,1.892022967338562,1.892022967338562,0.4955357015132904,2.511383533477783
2770,1.687967300415039,1.687967300415039,0.5379464030265808,2.432570457458496
2771,1.692404866218567,1.692404866218567,0.5491803288459778,2.6003754138946533
2772,1.6352943181991577,1.6352943181991577,0.5759637355804443,2.257586717605591
2773,1.4733330011367798,1.4733330011367798,0.6088435649871826,2.11492657661438
2774,1.837524652481079,1.837524652481079,0.5100446343421936,2.5837883949279785
2775,1.698781132698059,1.698781132698059,0.5379464030265808,2.439878225326538
2776,1.6452986001968384,1.6452986001968384,0.5656213760375977,2.453767776489258
2777,1.810436487197876,1.810436487197876,0.515584409236908,2.5945394039154053
2778,1.933812141418457,1.933812141418457,0.5011160969734192,2.450876474380493
2779,1.7019110918045044,1.7019110918045044,0.5271807909011841,2.451110601425171
2780,1.762207269668579,1.762207269668579,0.5457589030265808,2.396554708480835
2781,1.839805245399475,1.839805245399475,0.5055900812149048,2.614097833633423
2782,1.749424934387207,1.749424934387207,0.5435267686843872,2.5274312496185303
2783,1.5839519500732422,1.5839519500732422,0.5680803656578064,2.2810609340667725
2784,1.6608437299728394,1.6608437299728394,0.5424107313156128,2.235741376876831
2785,1.616247534751892,1.616247534751892,0.5630252361297607,2.5305402278900146
2786,1.7626533508300781,1.7626533508300781,0.5385587811470032,2.6748902797698975
2787,1.705674409866333,1.705674409866333,0.5524652600288391,2.6394600868225098
2788,1.9249197244644165,1.9249197244644165,0.4977678656578064,2.7092833518981934
2789,1.7298572063446045,1.7298572063446045,0.523809552192688,2.4649789333343506
2790,1.667851209640503,1.667851209640503,0.5691964030265808,2.393533945083618
2791,1.569839358329773,1.569839358329773,0.5676020383834839,2.5148606300354004
2792,1.9613721370697021,1.9613721370697021,0.4899553656578064,2.7089645862579346
2793,1.439178228378296,1.439178228378296,0.6299999952316284,2.3699963092803955
2794,1.7128127813339233,1.7128127813339233,0.5491071343421936,2.3281490802764893
2795,1.6576403379440308,1.6576403379440308,0.5524553656578064,2.2474045753479004
2796,1.5812392234802246,1.5812392234802246,0.5944700241088867,2.6397032737731934
2797,1.5718683004379272,1.5718683004379272,0.5870130062103271,2.381760835647583
2798,1.8025681972503662,1.8025681972503662,0.525916576385498,2.5004630088806152
2799,1.873809576034546,1.873809576034546,0.5078125,2.6513075828552246
2800,1.9834532737731934,1.9834532737731934,0.488095223903656,3.132704019546509
2801,1.8460688591003418,1.8460688591003418,0.5090035796165466,2.4728221893310547
2802,1.4729700088500977,1.4729700088500977,0.6272321343421936,2.2971975803375244
2803,1.5764936208724976,1.5764936208724976,0.5647321343421936,2.305849552154541
2804,1.6875770092010498,1.6875770092010498,0.5435835123062134,2.4577341079711914
2805,1.5029284954071045,1.5029284954071045,0.5875776410102844,2.217302083969116
2806,1.6967015266418457,1.6967015266418457,0.5466816425323486,2.451477527618408
2807,1.5993984937667847,1.5993984937667847,0.5848214030265808,2.3017845153808594
2808,1.716195821762085,1.716195821762085,0.5341615080833435,2.422837972640991
2809,1.6405994892120361,1.6405994892120361,0.5758928656578064,2.28932785987854
2810,1.8514779806137085,1.8514779806137085,0.5154285430908203,2.441632032394409
2811,1.7779525518417358,1.7779525518417358,0.5034013390541077,2.6125082969665527
2812,1.7477697134017944,1.7477697134017944,0.5527950525283813,2.6820449829101562
2813,1.8834182024002075,1.8834182024002075,0.5033482313156128,2.4133477210998535
2814,1.6193821430206299,1.6193821430206299,0.5747767686843872,2.3092076778411865
2815,1.7288448810577393,1.7288448810577393,0.5223214030265808,2.378202199935913
2816,1.7952544689178467,1.7952544689178467,0.5223214030265808,2.3961026668548584
2817,1.8301080465316772,1.8301080465316772,0.5022321343421936,2.427686929702759
2818,1.7397441864013672,1.7397441864013672,0.53125,2.4652152061462402
2819,1.7519243955612183,1.7519243955612183,0.5566893219947815,2.665438652038574
2820,1.756548285484314,1.756548285484314,0.5357142686843872,2.6812491416931152
2821,1.641139268875122,1.641139268875122,0.5614035129547119,2.3133115768432617
2822,1.7163947820663452,1.7163947820663452,0.5342857241630554,2.44514799118042
2823,1.6239577531814575,1.6239577531814575,0.5714285969734192,2.382518768310547
2824,1.7939916849136353,1.7939916849136353,0.4877232015132904,2.3872387409210205
2825,1.6199785470962524,1.6199785470962524,0.5667447447776794,2.382324457168579
2826,1.821561574935913,1.821561574935913,0.514538586139679,2.8446762561798096
2827,1.8695504665374756,1.8695504665374756,0.5055803656578064,2.4439868927001953
2828,1.7222281694412231,1.7222281694412231,0.5446428656578064,2.3295881748199463
2829,1.789255142211914,1.789255142211914,0.515625,2.535039186477661
2830,1.6618881225585938,1.6618881225585938,0.5457589030265808,2.315631151199341
2831,1.6340683698654175,1.6340683698654175,0.5753604173660278,2.4710898399353027
2832,1.935068130493164,1.935068130493164,0.5030525326728821,2.714400291442871
2833,1.6718101501464844,1.6718101501464844,0.5558035969734192,2.2597124576568604
2834,1.744311809539795,1.744311809539795,0.5455664992332458,2.651811361312866
2835,1.719988465309143,1.719988465309143,0.5350877046585083,2.449993133544922
2836,1.6974941492080688,1.6974941492080688,0.5457589030265808,2.4171640872955322
2837,1.7200045585632324,1.7200045585632324,0.5314285755157471,2.4574697017669678
2838,1.7887053489685059,1.7887053489685059,0.5218893885612488,2.4565176963806152
2839,1.8342065811157227,1.8342065811157227,0.5209359526634216,2.6641199588775635
2840,1.5944894552230835,1.5944894552230835,0.5747767686843872,2.2240653038024902
2841,1.7941596508026123,1.7941596508026123,0.5126727819442749,2.461843967437744
2842,1.701367735862732,1.701367735862732,0.5401785969734192,2.55535626411438
2843,1.9056917428970337,1.9056917428970337,0.4988662004470825,2.406198263168335
2844,1.7024548053741455,1.7024548053741455,0.5451428294181824,2.5348668098449707
2845,1.626769781112671,1.626769781112671,0.5602678656578064,2.2581942081451416
2846,1.583567500114441,1.583567500114441,0.5806451439857483,2.464837074279785
2847,1.5016437768936157,1.5016437768936157,0.5982142686843872,2.1359848976135254
2848,1.6498781442642212,1.6498781442642212,0.5621693134307861,2.65873384475708
2849,1.4449799060821533,1.4449799060821533,0.6232616901397705,2.2877070903778076
2850,1.6193124055862427,1.6193124055862427,0.5803571343421936,2.34389328956604
2851,1.7559568881988525,1.7559568881988525,0.5412946343421936,2.3679606914520264
2852,1.6298198699951172,1.6298198699951172,0.5502232313156128,2.1881322860717773
2853,1.7501635551452637,1.7501635551452637,0.5330132246017456,2.5525169372558594
2854,1.6322059631347656,1.6322059631347656,0.5714285969734192,2.3604159355163574
2855,1.7123998403549194,1.7123998403549194,0.558309018611908,2.6600868701934814
2856,1.8317903280258179,1.8317903280258179,0.5126050710678101,2.397448778152466
2857,1.7545779943466187,1.7545779943466187,0.5145089030265808,2.2956738471984863
2858,1.7994871139526367,1.7994871139526367,0.5078125,2.5003185272216797
2859,1.7467803955078125,1.7467803955078125,0.5117096304893494,2.5962181091308594
2860,1.7018673419952393,1.7018673419952393,0.5506715774536133,2.479201078414917
2861,1.79037344455719,1.79037344455719,0.5322580933570862,2.7992711067199707
2862,1.7066196203231812,1.7066196203231812,0.5366795659065247,2.5477538108825684
2863,1.8062751293182373,1.8062751293182373,0.5156794190406799,2.664377450942993
2864,1.7219421863555908,1.7219421863555908,0.5513392686843872,2.6009981632232666
2865,1.714311122894287,1.714311122894287,0.5508365631103516,2.6306962966918945
2866,1.814748764038086,1.814748764038086,0.5281782150268555,2.9482076168060303
2867,1.6952029466629028,1.6952029466629028,0.5861148238182068,3.062127113342285
2868,1.9411364793777466,1.9411364793777466,0.4732142984867096,2.7898786067962646
2869,1.9063286781311035,1.9063286781311035,0.47978436946868896,2.7033510208129883
2870,1.6595782041549683,1.6595782041549683,0.5535714030265808,2.331552743911743
2871,1.8716580867767334,1.8716580867767334,0.5190476179122925,2.9214510917663574
2872,1.680511713027954,1.680511713027954,0.5412946343421936,2.2772271633148193
2873,1.7050721645355225,1.7050721645355225,0.5591517686843872,2.3860812187194824
2874,1.5014293193817139,1.5014293193817139,0.6115288138389587,2.460676431655884
2875,1.752347707748413,1.752347707748413,0.5133928656578064,2.3700950145721436
2876,1.6087220907211304,1.6087220907211304,0.5591517686843872,2.2105748653411865
2877,1.6585980653762817,1.6585980653762817,0.5311059951782227,2.5397250652313232
2878,1.7668546438217163,1.7668546438217163,0.5279017686843872,2.7413692474365234
2879,1.760454773902893,1.760454773902893,0.5245535969734192,2.508396625518799
2880,1.7970815896987915,1.7970815896987915,0.5189732313156128,2.7327466011047363
2881,1.6101140975952148,1.6101140975952148,0.5702179074287415,2.4996848106384277
2882,1.7328747510910034,1.7328747510910034,0.5546875,2.32214093208313
2883,1.708672285079956,1.708672285079956,0.5534307956695557,2.3061845302581787
2884,1.810517430305481,1.810517430305481,0.4966517984867096,2.3693835735321045
2885,1.7444783449172974,1.7444783449172974,0.5379665493965149,2.822505474090576
2886,1.7529994249343872,1.7529994249343872,0.5233380198478699,2.7273752689361572
2887,1.6704120635986328,1.6704120635986328,0.5436156988143921,2.488769054412842
2888,1.9383161067962646,1.9383161067962646,0.4988839328289032,2.6913914680480957
2889,1.6671421527862549,1.6671421527862549,0.5669291615486145,2.6353023052215576
2890,1.7796385288238525,1.7796385288238525,0.5323660969734192,2.5425162315368652
2891,1.8308079242706299,1.8308079242706299,0.5245535969734192,2.4909305572509766
2892,1.8531832695007324,1.8531832695007324,0.5066273808479309,2.7519187927246094
2893,1.6298612356185913,1.6298612356185913,0.5577142834663391,2.428805112838745
2894,1.7730128765106201,1.7730128765106201,0.5343081951141357,2.416982650756836
2895,1.5456340312957764,1.5456340312957764,0.5770089030265808,2.123786211013794
2896,1.734355092048645,1.734355092048645,0.5323660969734192,2.3833727836608887
2897,1.7347842454910278,1.7347842454910278,0.5334101319313049,2.8665294647216797
2898,1.7597479820251465,1.7597479820251465,0.5291925668716431,2.5173227787017822
2899,1.728384256362915,1.728384256362915,0.539130449295044,2.5571646690368652
2900,1.698291301727295,1.698291301727295,0.5428571701049805,2.5320382118225098
2901,1.6681429147720337,1.6681429147720337,0.5625,2.280445098876953
2902,1.8180623054504395,1.8180623054504395,0.5034562349319458,2.5118823051452637
2903,1.671019434928894,1.671019434928894,0.5378881692886353,2.647974729537964
2904,1.6753771305084229,1.6753771305084229,0.5479910969734192,2.3846757411956787
2905,1.7118407487869263,1.7118407487869263,0.5306122303009033,2.355172634124756
2906,1.7281144857406616,1.7281144857406616,0.5290178656578064,2.36080265045166
2907,1.7825932502746582,1.7825932502746582,0.5233989953994751,2.5760366916656494
2908,1.690993070602417,1.690993070602417,0.5487528443336487,2.3736464977264404
2909,1.9370778799057007,1.9370778799057007,0.4799107015132904,2.6886253356933594
2910,1.7522380352020264,1.7522380352020264,0.5378151535987854,2.5053789615631104
2911,1.5829460620880127,1.5829460620880127,0.5809524059295654,2.4680263996124268
2912,1.8549715280532837,1.8549715280532837,0.5022321343421936,2.4908244609832764
2913,1.7719744443893433,1.7719744443893433,0.5256696343421936,2.5885534286499023
2914,1.7166987657546997,1.7166987657546997,0.5625,2.4625089168548584
2915,1.5550669431686401,1.5550669431686401,0.5788177251815796,2.2691893577575684
2916,1.81093430519104,1.81093430519104,0.5256696343421936,2.5266776084899902
2917,1.4844738245010376,1.4844738245010376,0.5865272879600525,2.187007188796997
2918,1.5953985452651978,1.5953985452651978,0.5818815231323242,2.327895164489746
2919,1.7295972108840942,1.7295972108840942,0.5368303656578064,2.561466932296753
2920,1.6135241985321045,1.6135241985321045,0.5770089030265808,2.384178400039673
2921,1.6404978036880493,1.6404978036880493,0.5663716793060303,2.5762107372283936
2922,1.6950266361236572,1.6950266361236572,0.5323660969734192,2.4105684757232666
2923,1.767161250114441,1.767161250114441,0.5379464030265808,2.4940292835235596
2924,1.7922128438949585,1.7922128438949585,0.5279017686843872,2.6132500171661377
2925,1.6811327934265137,1.6811327934265137,0.5657142996788025,2.695389986038208
2926,1.693240761756897,1.693240761756897,0.5479910969734192,2.352480888366699
2927,1.6856138706207275,1.6856138706207275,0.5546875,2.2916367053985596
2928,1.7504435777664185,1.7504435777664185,0.5412946343421936,2.3993513584136963
2929,1.6553462743759155,1.6553462743759155,0.5602678656578064,2.264270067214966
2930,1.9145066738128662,1.9145066738128662,0.5100446343421936,2.5125348567962646
2931,1.6822540760040283,1.6822540760040283,0.5483871102333069,2.3507227897644043
2932,1.760699987411499,1.760699987411499,0.5334821343421936,2.40594220161438
2933,1.58214271068573,1.58214271068573,0.5625,2.258000135421753
2934,1.697009801864624,1.697009801864624,0.53125,2.2609024047851562
2935,1.6283787488937378,1.6283787488937378,0.5621370673179626,2.2934694290161133
2936,1.5806992053985596,1.5806992053985596,0.5625,2.1110856533050537
2937,1.672279953956604,1.672279953956604,0.5323660969734192,2.4212698936462402
2938,1.6573094129562378,1.6573094129562378,0.5714285969734192,2.5423872470855713
2939,1.7934406995773315,1.7934406995773315,0.5301339030265808,2.4392640590667725
2940,1.5836840867996216,1.5836840867996216,0.5580357313156128,2.3079795837402344
2941,1.7565300464630127,1.7565300464630127,0.5309523940086365,2.9154088497161865
2942,1.7264399528503418,1.7264399528503418,0.5453416109085083,2.4007444381713867
2943,1.7300173044204712,1.7300173044204712,0.5424107313156128,2.345585584640503
2944,1.5322562456130981,1.5322562456130981,0.5992063283920288,2.591874837875366
2945,1.6337223052978516,1.6337223052978516,0.5700808763504028,2.7008626461029053
2946,1.793651819229126,1.793651819229126,0.5412946343421936,2.6952407360076904
2947,1.9502925872802734,1.9502925872802734,0.47999998927116394,3.4062423706054688
2948,1.6482446193695068,1.6482446193695068,0.5390625,2.320241928100586
2949,1.9643208980560303,1.9643208980560303,0.501896321773529,2.773759603500366
2950,1.8746203184127808,1.8746203184127808,0.5,2.671623945236206
2951,1.738093614578247,1.738093614578247,0.5200892686843872,2.5634665489196777
2952,1.7513540983200073,1.7513540983200073,0.5357142686843872,2.8716559410095215
2953,1.629043698310852,1.629043698310852,0.5595238208770752,2.4105563163757324
2954,1.6683366298675537,1.6683366298675537,0.5613839030265808,2.3835537433624268
2955,1.786049246788025,1.786049246788025,0.5103785395622253,2.6496636867523193
2956,1.7778078317642212,1.7778078317642212,0.5290178656578064,2.548815965652466
2957,1.6078039407730103,1.6078039407730103,0.5647321343421936,2.545485496520996
2958,1.7589948177337646,1.7589948177337646,0.5145278573036194,2.579594135284424
2959,1.7107468843460083,1.7107468843460083,0.5368303656578064,2.5662529468536377
2960,1.7555345296859741,1.7555345296859741,0.5323660969734192,2.5406088829040527
2961,1.86494779586792,1.86494779586792,0.49939975142478943,2.763394832611084
2962,1.8563312292099,1.8563312292099,0.4944099485874176,2.5200047492980957
2963,1.5858869552612305,1.5858869552612305,0.5847457647323608,2.425731658935547
2964,1.7548332214355469,1.7548332214355469,0.5409153699874878,2.6890745162963867
2965,1.645461082458496,1.645461082458496,0.5726708173751831,2.6244759559631348
2966,1.8929667472839355,1.8929667472839355,0.496782511472702,2.831441879272461
2967,1.5084211826324463,1.5084211826324463,0.5948660969734192,2.1379106044769287
2968,1.5658950805664062,1.5658950805664062,0.590062141418457,2.6569643020629883
2969,1.782202124595642,1.782202124595642,0.5449190139770508,2.8405120372772217
2970,1.6506396532058716,1.6506396532058716,0.5569196343421936,2.531275510787964
2971,1.5652697086334229,1.5652697086334229,0.5691964030265808,2.5933890342712402
2972,1.9834482669830322,1.9834482669830322,0.4754464328289032,2.6747665405273438
2973,1.8903849124908447,1.8903849124908447,0.5256587862968445,2.8612184524536133
2974,1.6639344692230225,1.6639344692230225,0.5412946343421936,2.2128570079803467
2975,1.7926098108291626,1.7926098108291626,0.5223214030265808,2.3785459995269775
2976,1.81584894657135,1.81584894657135,0.5269320607185364,2.5817272663116455
2977,1.6177165508270264,1.6177165508270264,0.5858343243598938,2.3805954456329346
2978,1.5412203073501587,1.5412203073501587,0.5948660969734192,2.419970989227295
2979,1.7643301486968994,1.7643301486968994,0.5424107313156128,2.5966358184814453
2980,1.8402092456817627,1.8402092456817627,0.5078125,2.6473851203918457
2981,1.614132285118103,1.614132285118103,0.5628078579902649,2.7128119468688965
2982,1.5202035903930664,1.5202035903930664,0.6044864058494568,2.451763153076172
2983,1.7732011079788208,1.7732011079788208,0.5290178656578064,2.4867780208587646
2984,1.6633453369140625,1.6633453369140625,0.5658482313156128,2.246232271194458
2985,1.8194303512573242,1.8194303512573242,0.5226480960845947,2.6746151447296143
2986,1.7774865627288818,1.7774865627288818,0.5267857313156128,2.5187504291534424
2987,1.7237862348556519,1.7237862348556519,0.5199999809265137,2.5897703170776367
2988,1.6194168329238892,1.6194168329238892,0.5789473652839661,2.434474229812622
2989,1.843913197517395,1.843913197517395,0.5063879489898682,2.7485427856445312
2990,1.6788651943206787,1.6788651943206787,0.5457589030265808,2.9172065258026123
2991,1.618263602256775,1.618263602256775,0.5583224296569824,2.3994176387786865
2992,1.541563868522644,1.541563868522644,0.5939257740974426,2.4255459308624268
2993,1.5688868761062622,1.5688868761062622,0.5794285535812378,2.4284024238586426
2994,1.47475266456604,1.47475266456604,0.5848214030265808,2.1941704750061035
2995,1.8854312896728516,1.8854312896728516,0.5170068144798279,2.8974192142486572
2996,1.689611554145813,1.689611554145813,0.5510203838348389,2.4856927394866943
2997,1.5644426345825195,1.5644426345825195,0.5821428298950195,2.5277953147888184
2998,1.5860127210617065,1.5860127210617065,0.5892857313156128,2.554258346557617
2999,1.7083414793014526,1.7083414793014526,0.5580357313156128,2.4091851711273193
3000,1.7899819612503052,1.7899819612503052,0.5382652878761292,3.0155954360961914
